"kind","host","name","url","sources"
"other","barkandframe.com","horizon.specrules-5654ba2e.json","https://barkandframe.com/cdn/shopifycloud/storefront/assets/storefront/horizon.specrules-5654ba2e.json","resource:other"
"stylesheet","barkandframe.com","base.css","https://barkandframe.com/cdn/shop/t/3/assets/base.css?v=128729745812020803491784713288&amp;baf_cache=overscroll-20260616","resource:early-hints"
"stylesheet","barkandframe.com","overflow-list.css","https://barkandframe.com/cdn/shop/t/3/assets/overflow-list.css?v=168694168152117541881759140591","resource:early-hints|attribute:href|attribute:href|attribute:href|attribute:href|attribute:href|attribute:href|attribute:href|attribute:href"
"stylesheet","barkandframe.com","base.css","https://barkandframe.com/cdn/shop/t/3/assets/base.css?v=128729745812020803491784713288&baf_cache=overscroll-20260616","resource:early-hints|attribute:href"
"stylesheet","barkandframe.com","accelerated-checkout-backwards-compat.css","https://barkandframe.com/cdn/shopifycloud/portable-wallets/latest/accelerated-checkout-backwards-compat.css","resource:early-hints|attribute:href"
"stylesheet","barkandframe.com","styles.css","https://barkandframe.com/cdn/shop/t/3/compiled_assets/styles.css?v=99386355987818602271784731879","resource:early-hints|attribute:href"
"font","barkandframe.com","PPAcma-Semibold.woff2","https://barkandframe.com/cdn/shop/t/3/assets/PPAcma-Semibold.woff2?v=96326970660318486551760361323","resource:link|attribute:href"
"font","barkandframe.com","Inter-500.woff2","https://barkandframe.com/cdn/shop/t/3/assets/Inter-500.woff2?v=96609129897802222461784636977","resource:link|attribute:href"
"font","barkandframe.com","Inter-700.woff2","https://barkandframe.com/cdn/shop/t/3/assets/Inter-700.woff2?v=166179665259747124441784636977","resource:link|attribute:href"
"script","barkandframe.com","critical.js","https://barkandframe.com/cdn/shop/t/3/assets/critical.js?v=169402557219780209121759140591","resource:other|attribute:href|attribute:src"
"script","barkandframe.com","component.js","https://barkandframe.com/cdn/shop/t/3/assets/component.js?v=74239122572524296041759140591","resource:other|attribute:href"
"script","barkandframe.com","utilities.js","https://barkandframe.com/cdn/shop/t/3/assets/utilities.js?v=20543301071820501481759140591","resource:other|attribute:href"
"script","barkandframe.com","section-renderer.js","https://barkandframe.com/cdn/shop/t/3/assets/section-renderer.js?v=117273408521114569061759140591","resource:other|attribute:href"
"script","barkandframe.com","section-hydration.js","https://barkandframe.com/cdn/shop/t/3/assets/section-hydration.js?v=177651605160027701221759140591","resource:other|attribute:href"
"script","barkandframe.com","morph.js","https://barkandframe.com/cdn/shop/t/3/assets/morph.js?v=175376767362814376631759140591","resource:other|attribute:href"
"script","barkandframe.com","focus.js","https://barkandframe.com/cdn/shop/t/3/assets/focus.js?v=60436577539430446401759140591","resource:other|attribute:href"
"script","barkandframe.com","recently-viewed-products.js","https://barkandframe.com/cdn/shop/t/3/assets/recently-viewed-products.js?v=94729125001750262651759140591","resource:other|attribute:href"
"script","barkandframe.com","scrolling.js","https://barkandframe.com/cdn/shop/t/3/assets/scrolling.js?v=10957690925586738441759140591","resource:other|attribute:href"
"script","barkandframe.com","events.js","https://barkandframe.com/cdn/shop/t/3/assets/events.js?v=59172389608566392641759140591","resource:other|attribute:href"
"script","barkandframe.com","baf-order-sync.js","https://barkandframe.com/cdn/shop/t/3/assets/baf-order-sync.js?v=9563505419455473561784015974","resource:script|attribute:src"
"script","barkandframe.com","baf-entry-sync.js","https://barkandframe.com/cdn/shop/t/3/assets/baf-entry-sync.js?v=96400449633370677901784016327","resource:script|attribute:src"
"script","barkandframe.com","baf-add-to-cart-analytics.js","https://barkandframe.com/cdn/shop/t/3/assets/baf-add-to-cart-analytics.js?v=142007071114257701581783581656","resource:script|attribute:src"
"script","barkandframe.com","baf-smart-apostrophes.js","https://barkandframe.com/cdn/shop/t/3/assets/baf-smart-apostrophes.js?v=171813619444067969171784316206","resource:script|attribute:src"
"script","barkandframe.com","baf-cookie-consent.js","https://barkandframe.com/cdn/shop/t/3/assets/baf-cookie-consent.js?v=43659785303046544351784731607","resource:script|attribute:src"
"script","barkandframe.com","accordion-custom.js","https://barkandframe.com/cdn/shop/t/3/assets/accordion-custom.js?v=94202118865674515961775220407","resource:script|attribute:src"
"script","barkandframe.com","disclosure-custom.js","https://barkandframe.com/cdn/shop/t/3/assets/disclosure-custom.js?v=168050880623268140331759140591","resource:script|attribute:src"
"script","barkandframe.com","loader.init-shop-cart-sync.en.esm.js","https://barkandframe.com/cdn/shopifycloud/shop-js/modules/v2/loader.init-shop-cart-sync.en.esm.js","resource:script|attribute:src"
"script","barkandframe.com","auto-close-details.js","https://barkandframe.com/cdn/shop/t/3/assets/auto-close-details.js?v=58350291535404441581759140591","resource:script|attribute:src"
"script","shop.app","preloads.js","https://shop.app/checkouts/internal/preloads.js?locale=en-CZ&default_configuration_id=8561164634&shop_id=97889321306","resource:script|attribute:src"
"script","barkandframe.com","localization.js","https://barkandframe.com/cdn/shop/t/3/assets/localization.js?v=122041025739273562481781196582","resource:script|attribute:src"
"script","barkandframe.com","preloads.js","https://barkandframe.com/checkouts/internal/preloads.js?locale=en-CZ&default_configuration_id=8561164634","resource:script|attribute:src"
"script","barkandframe.com","load_feature-1bd60354.js","https://barkandframe.com/cdn/shopifycloud/storefront/assets/storefront/load_feature-1bd60354.js","resource:script|attribute:src"
"script","cdn.shopify.com","origin_trials-5059b83f.js","https://cdn.shopify.com/shopifycloud/storefront/assets/storefront/origin_trials-5059b83f.js","resource:script|attribute:src"
"script","barkandframe.com","storefront-bf1cdb70.js","https://barkandframe.com/cdn/shopifycloud/storefront/assets/shopify_pay/storefront-bf1cdb70.js?v=20250812","resource:script|attribute:src"
"script","barkandframe.com","storefront-banner.js","https://barkandframe.com/cdn/shopifycloud/privacy-banner/storefront-banner.js","resource:script|attribute:src"
"script","barkandframe.com","block-scripts.js","https://barkandframe.com/cdn/shop/t/3/compiled_assets/block-scripts.js?v=17980337565994742941784633096","resource:script|attribute:src"
"script","cdn.shopify.com","loader.js","https://cdn.shopify.com/extensions/019f89e3-88a4-7e9a-babf-71a9bbaf80d4/judgeme-644/assets/loader.js","resource:script|attribute:src"
"script","www.clarity.ms","xiv1kansow","https://www.clarity.ms/tag/xiv1kansow?ref=shopify","resource:script|attribute:src"
"script","barkandframe.com","client.init-shop-cart-sync_CoS_AWFc.en.esm.js","https://barkandframe.com/cdn/shopifycloud/shop-js/modules/v2/client.init-shop-cart-sync_CoS_AWFc.en.esm.js","resource:script"
"script","barkandframe.com","chunk.init_D6YtWCAn.esm.js","https://barkandframe.com/cdn/shopifycloud/shop-js/modules/v2/chunk.init_D6YtWCAn.esm.js","resource:script"
"script","barkandframe.com","chunk.document_CC4DPZSc.esm.js","https://barkandframe.com/cdn/shopifycloud/shop-js/modules/v2/chunk.document_CC4DPZSc.esm.js","resource:script"
"script","barkandframe.com","chunk.window_BV7pwtSs.esm.js","https://barkandframe.com/cdn/shopifycloud/shop-js/modules/v2/chunk.window_BV7pwtSs.esm.js","resource:script"
"script","barkandframe.com","client.shop-cart-sync_DrRgS7ox.en.esm.js","https://barkandframe.com/cdn/shopifycloud/shop-js/modules/v2/client.shop-cart-sync_DrRgS7ox.en.esm.js","resource:script"
"script","barkandframe.com","chunk.tslib-es6_i06t5CRd.esm.js","https://barkandframe.com/cdn/shopifycloud/shop-js/modules/v2/chunk.tslib-es6_i06t5CRd.esm.js","resource:script"
"script","barkandframe.com","chunk.preact-module_Cvpcobqs.esm.js","https://barkandframe.com/cdn/shopifycloud/shop-js/modules/v2/chunk.preact-module_Cvpcobqs.esm.js","resource:script"
"script","barkandframe.com","chunk.errors_CTUuk3kr.esm.js","https://barkandframe.com/cdn/shopifycloud/shop-js/modules/v2/chunk.errors_CTUuk3kr.esm.js","resource:script"
"script","barkandframe.com","chunk.casing_Bd8FVtoj.esm.js","https://barkandframe.com/cdn/shopifycloud/shop-js/modules/v2/chunk.casing_Bd8FVtoj.esm.js","resource:script"
"script","barkandframe.com","chunk.v4_CSBSzmbm.esm.js","https://barkandframe.com/cdn/shopifycloud/shop-js/modules/v2/chunk.v4_CSBSzmbm.esm.js","resource:script"
"script","barkandframe.com","chunk.index_CnM-KYPA.esm.js","https://barkandframe.com/cdn/shopifycloud/shop-js/modules/v2/chunk.index_CnM-KYPA.esm.js","resource:script"
"script","barkandframe.com","chunk.utils_1bb8Zmgu.esm.js","https://barkandframe.com/cdn/shopifycloud/shop-js/modules/v2/chunk.utils_1bb8Zmgu.esm.js","resource:script"
"script","barkandframe.com","chunk.hooks_3uQ0akMG.esm.js","https://barkandframe.com/cdn/shopifycloud/shop-js/modules/v2/chunk.hooks_3uQ0akMG.esm.js","resource:script"
"script","barkandframe.com","chunk.storage_BGV5Ustn.esm.js","https://barkandframe.com/cdn/shopifycloud/shop-js/modules/v2/chunk.storage_BGV5Ustn.esm.js","resource:script"
"script","barkandframe.com","chunk.authorize_CPxox-Yu.esm.js","https://barkandframe.com/cdn/shopifycloud/shop-js/modules/v2/chunk.authorize_CPxox-Yu.esm.js","resource:script"
"script","barkandframe.com","chunk.useEventListener_CsfXCZ2S.esm.js","https://barkandframe.com/cdn/shopifycloud/shop-js/modules/v2/chunk.useEventListener_CsfXCZ2S.esm.js","resource:script"
"script","barkandframe.com","chunk.validators_Cj2qrO-d.esm.js","https://barkandframe.com/cdn/shopifycloud/shop-js/modules/v2/chunk.validators_Cj2qrO-d.esm.js","resource:script"
"script","barkandframe.com","chunk.useUserRecognitionSignal_JZOruJXg.esm.js","https://barkandframe.com/cdn/shopifycloud/shop-js/modules/v2/chunk.useUserRecognitionSignal_JZOruJXg.esm.js","resource:script"
"script","barkandframe.com","chunk.defineInitFunction_D4of-Jj4.esm.js","https://barkandframe.com/cdn/shopifycloud/shop-js/modules/v2/chunk.defineInitFunction_D4of-Jj4.esm.js","resource:script"
"other","barkandframe.com","produce_batch","https://barkandframe.com/.well-known/shopify/monorail/unstable/produce_batch","resource:beacon|resource:beacon|resource:beacon|resource:beacon|resource:beacon|resource:beacon|resource:beacon|resource:beacon|resource:beacon"
"script","barkandframe.com","b6392291bw48edd0b4p524860cam091f7eeam.js","https://barkandframe.com/cdn/wpm/b6392291bw48edd0b4p524860cam091f7eeam.js","resource:script|attribute:src"
"script","barkandframe.com","trekkie.storefront.51e77662fd67e0d47c7238acfeab529dafb90214.min.js","https://barkandframe.com/cdn/s/trekkie.storefront.51e77662fd67e0d47c7238acfeab529dafb90214.min.js","resource:script|attribute:src"
"script","barkandframe.com","shop_events_listener-4e26a9ce.js","https://barkandframe.com/cdn/shopifycloud/storefront/assets/shop_events_listener-4e26a9ce.js","resource:script|attribute:src"
"script","barkandframe.com","header-drawer.js","https://barkandframe.com/cdn/shop/t/3/assets/header-drawer.js?v=116735856488631299831780634964","resource:script|attribute:src"
"script","barkandframe.com","shopify-perf-kit-3.7.0.min.js","https://barkandframe.com/cdn/shopifycloud/perf-kit/shopify-perf-kit-3.7.0.min.js","resource:script|attribute:src"
"script","barkandframe.com","header-menu.js","https://barkandframe.com/cdn/shop/t/3/assets/header-menu.js?v=48217062825869131061777903124","resource:script|attribute:src"
"image","barkandframe.com","B_F_Logotype_Brown_Background_Transparent.svg","https://barkandframe.com/cdn/shop/files/B_F_Logotype_Brown_Background_Transparent.svg?height=108&v=1759140681","resource:img|attribute:srcset"
"script","barkandframe.com","cart-icon.js","https://barkandframe.com/cdn/shop/t/3/assets/cart-icon.js?v=14733679814066288171759140591","resource:script|attribute:src"
"script","barkandframe.com","cart-drawer.js","https://barkandframe.com/cdn/shop/t/3/assets/cart-drawer.js?v=119487947855955155091779175321","resource:script|attribute:src"
"script","barkandframe.com","component-cart-items.js","https://barkandframe.com/cdn/shop/t/3/assets/component-cart-items.js?v=19272378694222402771780563565","resource:script|attribute:src"
"script","barkandframe.com","header.js","https://barkandframe.com/cdn/shop/t/3/assets/header.js?v=78043468934677320351759140591","resource:script|attribute:src"
"image","barkandframe.com","hero-banner-mobile-640.webp","https://barkandframe.com/cdn/shop/t/3/assets/hero-banner-mobile-640.webp?v=107939735510627966211784619405","resource:img|attribute:srcset"
"font","barkandframe.com","PPAcma-Semibold.woff2","https://barkandframe.com/cdn/shop/t/3/assets/PPAcma-Semibold.woff2","resource:css"
"script","barkandframe.com","marquee.js","https://barkandframe.com/cdn/shop/t/3/assets/marquee.js?v=1690984983042350771784639047","resource:script|attribute:src"
"image","barkandframe.com","02.svg","https://barkandframe.com/cdn/shop/t/3/assets/illustrations/02.svg?v=107439435738832654481774448936","resource:img|attribute:src"
"image","barkandframe.com","01.svg","https://barkandframe.com/cdn/shop/t/3/assets/illustrations/01.svg?v=33922849815548156671778577729","resource:img|attribute:src"
"image","barkandframe.com","03.svg","https://barkandframe.com/cdn/shop/t/3/assets/illustrations/03.svg?v=128928296733841625931778577729","resource:img|attribute:src"
"other","monorail-edge.shopifysvc.com","produce","https://monorail-edge.shopifysvc.com/v1/produce","resource:fetch"
"other","otlp-http-production.shopifysvc.com","metrics","https://otlp-http-production.shopifysvc.com/v1/metrics","resource:fetch|resource:fetch|resource:beacon|resource:fetch"
"image","barkandframe.com","bark-and-frame-foundation-mobile-748.webp","https://barkandframe.com/cdn/shop/t/3/assets/bark-and-frame-foundation-mobile-748.webp?v=138476996052048269981784619405","resource:css|attribute:srcset|attribute:src"
"script","barkandframe.com","pixel.modern.js","https://barkandframe.com/web-pixels@6392291bw48edd0b4p524860cam091f7eea/app/web-pixel-4234051930@20a1a395175a780fd37f04940f5b4db5~2/pixel.modern.js","resource:script|attribute:src"
"script","barkandframe.com","pixel.modern.js","https://barkandframe.com/web-pixels@6392291bw48edd0b4p524860cam091f7eea/app/web-pixel-4233822554@abff2a8add143ccb04deb20f0ebd74a9~2/pixel.modern.js","resource:script|attribute:src"
"other","barkandframe.com","modern","https://barkandframe.com/web-pixels@6392291bw48edd0b4p524860cam091f7eea/custom/web-pixel-320471386@16/sandbox/modern/?baf_baseline=mobile_1784732138530","resource:iframe"
"other","barkandframe.com","modern","https://barkandframe.com/web-pixels@6392291bw48edd0b4p524860cam091f7eea/custom/web-pixel-shopify-custom-pixel@0501/sandbox/modern/?baf_baseline=mobile_1784732138530","resource:iframe"
"script","barkandframe.com","dialog.js","https://barkandframe.com/cdn/shop/t/3/assets/dialog.js?v=251623614666657141781650780","resource:script|attribute:src|attribute:src"
"image","barkandframe.com","baf-logo-strip-cosmopolitan-240.png","https://barkandframe.com/cdn/shop/t/3/assets/baf-logo-strip-cosmopolitan-240.png?v=25224739985498396941784715975","resource:img|attribute:src"
"image","barkandframe.com","baf-logo-strip-marie-claire-240.png","https://barkandframe.com/cdn/shop/t/3/assets/baf-logo-strip-marie-claire-240.png?v=138195065933655955011784715975","resource:img|attribute:src"
"image","barkandframe.com","baf-logo-strip-elle-180.png","https://barkandframe.com/cdn/shop/t/3/assets/baf-logo-strip-elle-180.png?v=129293663024347721661784715975","resource:img|attribute:src"
"image","barkandframe.com","reason-designed.svg","https://barkandframe.com/cdn/shop/t/3/assets/reason-designed.svg?v=146467103558017081111784317333","resource:img|attribute:src"
"image","barkandframe.com","reason-signature.svg","https://barkandframe.com/cdn/shop/t/3/assets/reason-signature.svg?v=148652232052647017761784317333","resource:img|attribute:src"
"image","barkandframe.com","reason-guarantee.svg","https://barkandframe.com/cdn/shop/t/3/assets/reason-guarantee.svg?v=105328957476105306291784317333","resource:img|attribute:src"
"image","barkandframe.com","reason-donate.svg","https://barkandframe.com/cdn/shop/t/3/assets/reason-donate.svg?v=166581630299470881891784317333","resource:img|attribute:src"
"image","barkandframe.com","reason-materials.svg","https://barkandframe.com/cdn/shop/t/3/assets/reason-materials.svg?v=46230312715830500781784317333","resource:img|attribute:src"
"image","barkandframe.com","The_Gentleman_Homepage.jpg","https://barkandframe.com/cdn/shop/files/The_Gentleman_Homepage.jpg?v=1780605165&width=240","resource:img|attribute:srcset"
"image","barkandframe.com","Pure_Portrait_Homepage.jpg","https://barkandframe.com/cdn/shop/files/Pure_Portrait_Homepage.jpg?v=1780606067&width=240","resource:img|attribute:srcset"
"image","barkandframe.com","Dream_Homepage.jpg","https://barkandframe.com/cdn/shop/files/Dream_Homepage.jpg?v=1780606203&width=240","resource:img|attribute:srcset"
"image","barkandframe.com","Studio_Watercolour_Homepage.jpg","https://barkandframe.com/cdn/shop/files/Studio_Watercolour_Homepage.jpg?v=1780606145&width=240","resource:img|attribute:srcset"
"image","barkandframe.com","La_Parisienne_Homepage.jpg","https://barkandframe.com/cdn/shop/files/La_Parisienne_Homepage.jpg?v=1780606287&width=240","resource:img|attribute:srcset"
"image","barkandframe.com","Studio_Pop_Homepage.jpg","https://barkandframe.com/cdn/shop/files/Studio_Pop_Homepage.jpg?v=1780604876&width=240","resource:img|attribute:srcset"
"image","barkandframe.com","Studio_Pencil_Homepage.jpg","https://barkandframe.com/cdn/shop/files/Studio_Pencil_Homepage.jpg?v=1780605939&width=240","resource:img|attribute:srcset"
"image","barkandframe.com","Atelier_Sketch_Homepage.jpg","https://barkandframe.com/cdn/shop/files/Atelier_Sketch_Homepage.jpg?v=1780604920&width=240","resource:img|attribute:srcset"
"image","barkandframe.com","The_Duchess_Homepage.jpg","https://barkandframe.com/cdn/shop/files/The_Duchess_Homepage.jpg?v=1780605081&width=240","resource:img|attribute:srcset"
"image","barkandframe.com","Indigo_Homepage.jpg","https://barkandframe.com/cdn/shop/files/Indigo_Homepage.jpg?v=1780605002&width=240","resource:img|attribute:srcset"
"script","barkandframe.com","performance.js","https://barkandframe.com/cdn/shop/t/3/assets/performance.js?v=160961134082498414901759140591","resource:script"
"script","barkandframe.com","worker.modern.js","https://barkandframe.com/web-pixels@6392291bw48edd0b4p524860cam091f7eea/web-pixel-4235690330@c9c58d3e1dadd54a57d85125d094683b/sandbox/worker.modern.js","resource:other"
"script","barkandframe.com","worker.modern.js","https://barkandframe.com/web-pixels@6392291bw48edd0b4p524860cam091f7eea/web-pixel-4185850202@524f6c1ee37bacdca7657a665bdca589/sandbox/worker.modern.js","resource:other"
"script","barkandframe.com","worker.modern.js","https://barkandframe.com/web-pixels@6392291bw48edd0b4p524860cam091f7eea/web-pixel-3312845146@74f275712857ab41bea9d998dcb2f9da/sandbox/worker.modern.js","resource:other"
"script","www.googletagmanager.com","js","https://www.googletagmanager.com/gtag/js?id=AW-18210875652","resource:script|attribute:src"
"script","barkandframe.com","worker.modern.js","https://barkandframe.com/web-pixels@6392291bw48edd0b4p524860cam091f7eea/web-pixel-3017867610@34ad157958823915625854214640f0bf/sandbox/worker.modern.js","resource:other"
"script","barkandframe.com","worker.modern.js","https://barkandframe.com/web-pixels@6392291bw48edd0b4p524860cam091f7eea/web-pixel-shopify-app-pixel@0501/sandbox/worker.modern.js","resource:other"
"script","connect.facebook.net","fbevents.js","https://connect.facebook.net/en_US/fbevents.js","resource:script|attribute:src"
"image","barkandframe.com","logo-icon--light.svg","https://barkandframe.com/cdn/shop/t/3/assets/logo-icon--light.svg?v=89362967133211712151774025043","resource:img|attribute:src"
"image","barkandframe.com","B_F_Logotype_Brown_Background_Transparent.svg","https://barkandframe.com/cdn/shop/files/B_F_Logotype_Brown_Background_Transparent.svg?v=1759140681&width=832","resource:img|attribute:srcset"
"script","barkandframe.com","predictive-search.js","https://barkandframe.com/cdn/shop/t/3/assets/predictive-search.js?v=53445493388242646041759140591","resource:script|attribute:src"
"image","barkandframe.com","bark-and-frame-artist-collection-bloom-tulip-dog-design-black-crewneck-sweatshirt-female-model-editorial.jpg","https://barkandframe.com/cdn/shop/files/bark-and-frame-artist-collection-bloom-tulip-dog-design-black-crewneck-sweatshirt-female-model-editorial.jpg?v=1779982903&width=480","resource:img|attribute:srcset"
"image","barkandframe.com","bark-and-frame-bloom-tulip-dog-design-black-crewneck-sweatshirt-female-model-product-shot.png","https://barkandframe.com/cdn/shop/files/bark-and-frame-bloom-tulip-dog-design-black-crewneck-sweatshirt-female-model-product-shot.png?v=1779944270&width=480","resource:img|attribute:srcset"
"image","barkandframe.com","bark-and-frame-artist-collection-bloom-tulip-dog-design-pure-white-t-shirt-female-model-editorial-close-up_d71914a8-4976-458c-b5f0-bc7762ef62af.jpg","https://barkandframe.com/cdn/shop/files/bark-and-frame-artist-collection-bloom-tulip-dog-design-pure-white-t-shirt-female-model-editorial-close-up_d71914a8-4976-458c-b5f0-bc7762ef62af.jpg?v=1779944279&width=480","resource:img|attribute:srcset|attribute:srcset"
"image","barkandframe.com","bark-and-frame-bloom-tulip-dog-design-black-t-shirt-female-model-product-shot.png","https://barkandframe.com/cdn/shop/files/bark-and-frame-bloom-tulip-dog-design-black-t-shirt-female-model-product-shot.png?v=1779944281&width=480","resource:img|attribute:srcset|attribute:srcset"
"image","barkandframe.com","The_Gentleman_01_20x28_Canvas_Black.png","https://barkandframe.com/cdn/shop/files/The_Gentleman_01_20x28_Canvas_Black.png?v=1778947290&width=480","resource:img|attribute:srcset"
"image","barkandframe.com","The_Gentleman_01_20x28_Canvas_Walnut.png","https://barkandframe.com/cdn/shop/files/The_Gentleman_01_20x28_Canvas_Walnut.png?v=1778947290&width=480","resource:img|attribute:srcset"
"image","barkandframe.com","The_Gentleman_01_20x28_Canvas.png","https://barkandframe.com/cdn/shop/files/The_Gentleman_01_20x28_Canvas.png?v=1778947290&width=480","resource:img|attribute:srcset"
"image","barkandframe.com","The_Gentleman_01_12x16_Canvas.png","https://barkandframe.com/cdn/shop/files/The_Gentleman_01_12x16_Canvas.png?v=1778947288&width=480","resource:img|attribute:srcset"
"script","cdn.shopify.com","standard-actions.js","https://cdn.shopify.com/storefront/standard-actions.js","resource:script|attribute:src"
"script","barkandframe.com","consent-tracking-api.js","https://barkandframe.com/cdn/shopifycloud/consent-tracking-api/v0.1/consent-tracking-api.js","resource:script|attribute:src"
"other","barkandframe.com","collect","https://barkandframe.com/api/collect","resource:fetch|resource:fetch|resource:fetch"
"image","barkandframe.com","bark-and-frame-see-it-at-home-pomeranian-dream-watercolour-portrait-walnut-frame-day-bed-bedroom.jpg","https://barkandframe.com/cdn/shop/files/bark-and-frame-see-it-at-home-pomeranian-dream-watercolour-portrait-walnut-frame-day-bed-bedroom.jpg?v=1779883935&width=240","resource:img|attribute:srcset|attribute:src|attribute:srcset|attribute:srcset|attribute:src|attribute:srcset"
"image","barkandframe.com","bark-and-frame-see-it-at-home-jack-russell-terrier-gentleman-old-masters-portrait-black-frame-leather-chair-office.jpg","https://barkandframe.com/cdn/shop/files/bark-and-frame-see-it-at-home-jack-russell-terrier-gentleman-old-masters-portrait-black-frame-leather-chair-office.jpg?v=1779938230&width=240","resource:img|attribute:srcset|attribute:src|attribute:srcset|attribute:srcset|attribute:src|attribute:srcset"
"image","barkandframe.com","bark-and-frame-see-it-at-home-french-bulldog-studio-pop-blue-portrait-white-frame-cream-sofa-living-room.jpg","https://barkandframe.com/cdn/shop/files/bark-and-frame-see-it-at-home-french-bulldog-studio-pop-blue-portrait-white-frame-cream-sofa-living-room.jpg?v=1779938230&width=240","resource:img|attribute:srcset|attribute:src|attribute:srcset|attribute:srcset|attribute:src|attribute:srcset"
"image","barkandframe.com","bark-and-frame-see-it-at-home-chihuahua-studio-pencil-sketch-portrait-black-frame-rattan-bed-headboard-bedroom.jpg","https://barkandframe.com/cdn/shop/files/bark-and-frame-see-it-at-home-chihuahua-studio-pencil-sketch-portrait-black-frame-rattan-bed-headboard-bedroom.jpg?v=1779883935&width=240","resource:img|attribute:srcset|attribute:src|attribute:srcset|attribute:srcset|attribute:src|attribute:srcset"
"image","barkandframe.com","bark-and-frame-see-it-at-home-samoyed-duchess-old-masters-portrait-black-frame-cream-victorian-sofa-living-room.jpg","https://barkandframe.com/cdn/shop/files/bark-and-frame-see-it-at-home-samoyed-duchess-old-masters-portrait-black-frame-cream-victorian-sofa-living-room.jpg?v=1779883935&width=240","resource:img|attribute:srcset|attribute:src|attribute:srcset|attribute:srcset|attribute:src|attribute:srcset"
"image","barkandframe.com","bark-and-frame-see-it-at-home-golden-retriever-pure-portrait-oil-painting-oak-frame-kitchen.jpg","https://barkandframe.com/cdn/shop/files/bark-and-frame-see-it-at-home-golden-retriever-pure-portrait-oil-painting-oak-frame-kitchen.jpg?v=1779883935&width=240","resource:img|attribute:srcset|attribute:src|attribute:srcset|attribute:srcset|attribute:src|attribute:srcset"
"image","barkandframe.com","bark-and-frame-see-it-at-home-cavalier-king-charles-spaniel-la-parisienne-style-portrait-victorian-desk-bedroom.jpg","https://barkandframe.com/cdn/shop/files/bark-and-frame-see-it-at-home-cavalier-king-charles-spaniel-la-parisienne-style-portrait-victorian-desk-bedroom.jpg?v=1779938230&width=240","resource:img|attribute:srcset|attribute:src|attribute:srcset|attribute:srcset|attribute:src|attribute:srcset"
"other","otlp-http-production.shopifysvc.com","logs","https://otlp-http-production.shopifysvc.com/v1/logs","resource:fetch|resource:beacon"
"image","cdn.shopify.com","cz.svg","https://cdn.shopify.com/static/images/flags/cz.svg?width=32","resource:css|computedStyle:background-image"
"other","www.googleadservices.com","18210875652","https://www.googleadservices.com/pagead/conversion/18210875652/?random=1784732139409&cv=11&fst=1784732139409&fmt=7&bg=ffffff&guid=ON&async=1&en=page_view&gtm=45be67k1v9257214832za200zd9257214832xec&gcs=G111&gcd=13t3t3t2t5l1&dma_cps=a&dma=1&tag_exp=115616986~115938466~115938469~118395335~118897920~118897930~119773331~119896802&u_w=1800&u_h=1169&url=https%3A%2F%2Fbarkandframe.com%2F%3Fbaf_baseline%3Dmobile_1784732138530&rcb=16&label=A3Q0CL6axs0cELeSy-tD&capi=1&gtm_ee=1&evnid=sh-8a53402d-94CC-49ED-0815-EC6B8D63E4D8&excid=shp.1d51333f-d4a3-45af-aa4f-8984b104fb25&tiba=Bark%20%26%20Frame%20%E2%80%93%20Bark%20%26%20Frame&frm=0&did=dN2ZkMj%2CdNTU0Yz%2CdYmNjMT%2CdNzYwYj&gdid=dN2ZkMj.dNTU0Yz.dYmNjMT&edid=dNzYwYj&hn=www.googleadservices.com&rdp=0&npa=0&pscdl=noapi&auid=324478768.1784052406&uaa=arm&uab=64&uafvl=Google%2520Chrome%3B149.0.7827.197%7CChromium%3B149.0.7827.197%7CNot)A%253BBrand%3B24.0.0.0&uamb=0&uam=&uap=macOS&uapv=15.3.1&uaw=0&ec_mode=c&oid=2069177049.1784732139&oidsrc=3&ecsid2=2061882539.1784710444&_tu=ABI&gcl_ctr=89~0~0~0&data=event%3Dpage_view%3Bpage_path%3D%2F&category=acrcp_v1_512&em=tv.1&emd=tvd.1&ept=5","resource:fetch"
"image","www.googleadservices.com","18210875652","https://www.googleadservices.com/ccm/conversion/18210875652/?random=1784732139409&cv=11&fst=1784732139409&fmt=3&bg=ffffff&guid=ON&async=1&en=page_view&gtm=45be67k1v9257214832za200zd9257214832xec&gcs=G111&gcd=13t3t3t2t5l1&dma_cps=a&dma=1&tag_exp=115616986~115938466~115938469~118395335~118897920~118897930~119773331~119896802&u_w=1800&u_h=1169&url=https%3A%2F%2Fbarkandframe.com%2F%3Fbaf_baseline%3Dmobile_1784732138530&rcb=16&label=A3Q0CL6axs0cELeSy-tD&capi=1&gtm_ee=1&evnid=sh-8a53402d-94CC-49ED-0815-EC6B8D63E4D8&excid=shp.1d51333f-d4a3-45af-aa4f-8984b104fb25&tiba=Bark%20%26%20Frame%20%E2%80%93%20Bark%20%26%20Frame&frm=0&did=dN2ZkMj%2CdNTU0Yz%2CdYmNjMT%2CdNzYwYj&gdid=dN2ZkMj.dNTU0Yz.dYmNjMT&edid=dNzYwYj&hn=www.googleadservices.com&rdp=0&npa=0&pscdl=noapi&auid=324478768.1784052406&uaa=arm&uab=64&uafvl=Google%2520Chrome%3B149.0.7827.197%7CChromium%3B149.0.7827.197%7CNot)A%253BBrand%3B24.0.0.0&uamb=0&uam=&uap=macOS&uapv=15.3.1&uaw=0&ec_mode=c&oid=2069177049.1784732139&oidsrc=3&ecsid2=2061882539.1784710444&_tu=ABI&gcl_ctr=89~0~0~0&data=event%3Dpage_view%3Bpage_path%3D%2F&em=tv.1&emd=tvd.1","resource:img"
"other","www.google.com","collect","https://www.google.com/ccm/collect?rcb=16&frm=0&auid=324478768.1784052406&dt=Bark%20%26%20Frame%20%E2%80%93%20Bark%20%26%20Frame&en=page_view&dl=https%3A%2F%2Fbarkandframe.com%2F&scrsrc=www.googletagmanager.com&rnd=782639560.1784732139&navt=n&npa=0&did=dN2ZkMj%2CdNTU0Yz%2CdYmNjMT&gdid=dN2ZkMj.dNTU0Yz.dYmNjMT&_tu=AAI&gtm=45be67k1v9257214832za200zd9257214832xec&gcs=G111&gcd=13t3t3t2t5l1&dma_cps=a&dma=1&tag_exp=115616986~115938466~115938469~118395335~118897920~118897930~119773331~119896802&apve=1&apvf=f&apvc=1&tids=AW-18210875652&tid=AW-18210875652&tft=1784732139411&tfd=493&fmt=8","resource:fetch"
"script","connect.facebook.net","909378635520969","https://connect.facebook.net/signals/config/909378635520969?v=2.9.359&r=stable&domain=barkandframe.com&hme=db7c4844507b728f524bbfb5449eda841f7f67300bf2850aee64b78febf25c48&ex_m=107%2C208%2C158%2C22%2C73%2C74%2C149%2C69%2C68%2C11%2C167%2C93%2C16%2C141%2C130%2C39%2C76%2C81%2C137%2C163%2C169%2C26%2C27%2C28%2C30%2C48%2C150%2C78%2C115%2C18%2C20%2C44%2C40%2C42%2C41%2C86%2C95%2C99%2C113%2C148%2C151%2C46%2C114%2C24%2C21%2C122%2C70%2C36%2C153%2C152%2C154%2C145%2C143%2C25%2C35%2C59%2C112%2C165%2C71%2C17%2C156%2C117%2C84%2C67%2C19%2C88%2C89%2C119%2C87%2C139%2C138%2C142%2C164%2C34%2C49%2C116%2C47%2C8%2C4%2C5%2C7%2C6%2C3%2C94%2C104%2C170%2C175%2C222%2C75%2C235%2C234%2C233%2C23%2C33%2C55%2C106%2C61%2C10%2C64%2C100%2C101%2C102%2C108%2C133%2C31%2C29%2C135%2C136%2C132%2C131%2C159%2C77%2C162%2C160%2C161%2C50%2C60%2C126%2C15%2C166%2C45%2C281%2C282%2C280%2C295%2C311%2C215%2C204%2C62%2C205%2C203%2C314%2C305%2C52%2C216%2C110%2C134%2C83%2C124%2C54%2C123%2C129%2C128%2C58%2C65%2C63%2C155%2C79%2C80%2C118%2C37%2C32%2C53%2C56%2C103%2C168%2C1%2C127%2C14%2C125%2C12%2C2%2C57%2C96%2C66%2C121%2C92%2C91%2C171%2C172%2C97%2C98%2C9%2C105%2C51%2C146%2C90%2C82%2C72%2C120%2C109%2C43%2C147%2C0%2C85%2C140%2C144%2C157%2C38%2C111%2C13%2C173","resource:script|attribute:src"
"script","scripts.clarity.ms","clarity.js","https://scripts.clarity.ms/0.8.67/clarity.js","resource:script|attribute:src"
"image","www.facebook.com","tr","https://www.facebook.com/tr/?id=909378635520969&ev=PageView&dl=https%3A%2F%2Fbarkandframe.com%2F%3Fbaf_baseline%3Dmobile_1784732138530&rl=&if=false&ts=1784732139436&iw=false&sw=1800&sh=1169&v=2.9.359&r=stable&a=shopify_web_pixel&ec=0&o=4126&aems=0%3B0&fbp=fb.1.1784052406456.939437908452105234&cs_est=true&ler=empty&cdl=API_unavailable&sm=OPEN&se=%7B%22page_url%22%3Atrue%2C%22referrer%22%3Atrue%2C%22fbp%22%3Atrue%2C%22fbc%22%3Atrue%2C%22page_url_empty_legacy%22%3Afalse%2C%22page_url_empty_shopify%22%3Afalse%2C%22referrer_empty_legacy%22%3Atrue%2C%22referrer_empty_shopify%22%3Atrue%2C%22fbp_empty_legacy%22%3Afalse%2C%22fbp_empty_shopify%22%3Afalse%2C%22fbc_empty_legacy%22%3Atrue%2C%22fbc_empty_shopify%22%3Atrue%7D&pmd[title]=%0A%20%20Bark%20%26%20Frame%0A%20%E2%80%93%20Bark%20%26%20Frame&pmd[locale]=en&pmd[description]=Personalised%20dog%20portraits%20created%20from%20your%20photo%20by%20award-winning%20artists.%20Choose%20your%20style%2C%20frame%20and%20finish%2C%20with%202%20EUR%20donated%20per%20portrait.&plt=440.30000019073486&iss=1&sssd[is_s_domain]=true&sssd[s_country]=en_CZ&imft=1&tz=120&it=1784732139426&coo=false&dpo=&eid=sh-8a53402d-94CC-49ED-0815-EC6B8D63E4D8&expv2[0]=pl0&expv2[1]=el2&expv2[2]=bc1&expv2[3]=ra2&expv2[4]=rp2&expv2[5]=ct3&expv2[6]=hf1&rqm=GET","resource:img"
"other","barkandframe.com","https://barkandframe.com/?baf_baseline=mobile_1784732138530&section_id=sections--26268238741850__header_section","https://barkandframe.com/?baf_baseline=mobile_1784732138530&section_id=sections--26268238741850__header_section","resource:fetch"
"script","barkandframe.com","view-transitions.js","https://barkandframe.com/cdn/shop/t/3/assets/view-transitions.js?v=31429827962384559851780634964","resource:script|attribute:src"
"other","googleads.g.doubleclick.net","18210875652","https://googleads.g.doubleclick.net/pagead/viewthroughconversion/18210875652/?random=2129958730&cv=11&fst=1784732139409&fmt=8&bg=ffffff&guid=ON&async=1&en=page_view&gtm=45be67k1v9257214832za200zd9257214832xec&gcs=G111&gcd=13t3t3t2t5l1&dma_cps=a&dma=1&tag_exp=115616986~115938466~115938469~118395335~118897920~118897930~119773331~119896802&u_w=1800&u_h=1169&url=https%3A%2F%2Fbarkandframe.com%2F%3Fbaf_baseline%3Dmobile_1784732138530&rcb=16&label=A3Q0CL6axs0cELeSy-tD&capi=1&gtm_ee=1&evnid=sh-8a53402d-94CC-49ED-0815-EC6B8D63E4D8&excid=shp.1d51333f-d4a3-45af-aa4f-8984b104fb25&tiba=Bark%20%26%20Frame%20%E2%80%93%20Bark%20%26%20Frame&frm=0&did=dN2ZkMj%2CdNTU0Yz%2CdYmNjMT%2CdNzYwYj&gdid=dN2ZkMj.dNTU0Yz.dYmNjMT&edid=dNzYwYj&hn=www.googleadservices.com&rdp=0&npa=0&pscdl=noapi&auid=324478768.1784052406&uaa=arm&uab=64&uafvl=Google%2520Chrome%3B149.0.7827.197%7CChromium%3B149.0.7827.197%7CNot)A%253BBrand%3B24.0.0.0&uamb=0&uam=&uap=macOS&uapv=15.3.1&uaw=0&ec_mode=c&oidsrc=3&ecsid2=2061882539.1784710444&_tu=ABI&gcl_ctr=89~0~0~0&data=event%3Dpage_view%3Bpage_path%3D%2F&category=acrcp_v1_512&em=tv.1&emd=tvd.1&ept=5&ct_cookie_present=false&eoid=CkQKEAjw1IHTBhCQiPuvqMPg7hESMADxXpYiXCQeVB25z3l8wQd3VOt0gb0gNrNcmj4oKneciwkq0C1oa6fgeDLQWBuDkfD_BwE&crd=CLTesQII8t-xAgit4bECCK_hsQIIobixAgixwbECCLDBsQIIscOxAgiKxbECCMLJsQIIyeWxAgi0xrECCJPasQII29yxAgiH27ECCNPFsQII68yxAgjtzrECCNXPsQII9NqxAgj947ECCMnjsQIIl9SxAgjJ27ECCM3msQIIseGxAgiz4bECCKbdsQIIsN6xAgiA27ECCMvhsQJKFHRyaWdnZXI9ZXZlbnQtc291cmNlWgMKAQFiAwoBAw&cerd=Cgzs370tpqe-LYOwvi0&fsk=ChAI8NSB0wYQ_56r9fjrt6BZEiwARPDRoKmgltd1g431HVuUTvZ6xKhmy2XaLgRM1tBf8XgoHoHVadVW0AzsjhoCAK0&pscrd=IhMI5sDEqcXmlQMVPlj2CB19pB5uOhlodHRwczovL2JhcmthbmRmcmFtZS5jb20vQldDaEFJOE5TQjB3WVFoWkhteFpQOWxLZ2JFaTBBSzU2a1VrOXpBVEpXWXJobUZsVjNCVWlfN3ViZmdSMUFLeVJVZTRXbUtrOWJJNERLN2JrZGJBclFIcHd6DAgJYggIABAAGAAgAA","resource:fetch"
"script","barkandframe.com","polyfills.C7jITNoQ.js","https://barkandframe.com/cdn/shopifycloud/checkout-web/assets/c1/polyfills.C7jITNoQ.js","resource:link|attribute:href"
"script","barkandframe.com","app.BiWVoIDd.js","https://barkandframe.com/cdn/shopifycloud/checkout-web/assets/c1/app.BiWVoIDd.js","resource:link|attribute:href"
"script","barkandframe.com","esnext-vendor.VvTbCSr5.js","https://barkandframe.com/cdn/shopifycloud/checkout-web/assets/c1/esnext-vendor.VvTbCSr5.js","resource:link|attribute:href"
"script","barkandframe.com","context-browser.BQ5pbcUT.js","https://barkandframe.com/cdn/shopifycloud/checkout-web/assets/c1/context-browser.BQ5pbcUT.js","resource:link|attribute:href"
"script","barkandframe.com","useShopPayExternalAppContext.BAmxWsWf.js","https://barkandframe.com/cdn/shopifycloud/checkout-web/assets/c1/useShopPayExternalAppContext.BAmxWsWf.js","resource:link|attribute:href"
"script","barkandframe.com","addresses-mailing-address.LJXSuqMR.js","https://barkandframe.com/cdn/shopifycloud/checkout-web/assets/c1/addresses-mailing-address.LJXSuqMR.js","resource:link|attribute:href"
"script","barkandframe.com","Title.GnqyiiMZ.js","https://barkandframe.com/cdn/shopifycloud/checkout-web/assets/c1/Title.GnqyiiMZ.js","resource:link|attribute:href"
"other","l.clarity.ms","collect","https://l.clarity.ms/collect","resource:xmlhttprequest|resource:xmlhttprequest|resource:xmlhttprequest|resource:xmlhttprequest"
"script","barkandframe.com","hooks-useShopPayCheckoutGqlVersion.CNwBCyaS.js","https://barkandframe.com/cdn/shopifycloud/checkout-web/assets/c1/hooks-useShopPayCheckoutGqlVersion.CNwBCyaS.js","resource:link|attribute:href"
"script","barkandframe.com","utils-shopId.CIGvFkyD.js","https://barkandframe.com/cdn/shopifycloud/checkout-web/assets/c1/utils-shopId.CIGvFkyD.js","resource:link|attribute:href"
"script","barkandframe.com","payment-methods-filterAvailableMethods.CFSpcITL.js","https://barkandframe.com/cdn/shopifycloud/checkout-web/assets/c1/payment-methods-filterAvailableMethods.CFSpcITL.js","resource:link|attribute:href"
"script","barkandframe.com","shop-pay-normalizeBuyerDetails.CJb01pvh.js","https://barkandframe.com/cdn/shopifycloud/checkout-web/assets/c1/shop-pay-normalizeBuyerDetails.CJb01pvh.js","resource:link|attribute:href"
"script","barkandframe.com","graphql-UserPrivacySettingsSetMutation.DOn52uLX.js","https://barkandframe.com/cdn/shopifycloud/checkout-web/assets/c1/graphql-UserPrivacySettingsSetMutation.DOn52uLX.js","resource:link|attribute:href"
"script","barkandframe.com","utils-getCommonShopPayExternalTelemetryAttributes.Cgurrimg.js","https://barkandframe.com/cdn/shopifycloud/checkout-web/assets/c1/utils-getCommonShopPayExternalTelemetryAttributes.Cgurrimg.js","resource:link|attribute:href"
"other","barkandframe.com","https://barkandframe.com/?baf_baseline=mobile_1784732138530&section_id=predictive-search-empty","https://barkandframe.com/?baf_baseline=mobile_1784732138530&section_id=predictive-search-empty","resource:fetch"
"script","barkandframe.com","extensions-rpc.Bp8_V4_G.js","https://barkandframe.com/cdn/shopifycloud/checkout-web/assets/c1/extensions-rpc.Bp8_V4_G.js","resource:link|attribute:href"
"script","barkandframe.com","hooks-useUnauthenticatedErrorModal.Eat68jtJ.js","https://barkandframe.com/cdn/shopifycloud/checkout-web/assets/c1/hooks-useUnauthenticatedErrorModal.Eat68jtJ.js","resource:link|attribute:href"
"script","barkandframe.com","hydrate.GMX4Ce4Q.js","https://barkandframe.com/cdn/shopifycloud/checkout-web/assets/c1/hydrate.GMX4Ce4Q.js","resource:link|attribute:href"
"script","barkandframe.com","locale-en.DfsC7CyG.js","https://barkandframe.com/cdn/shopifycloud/checkout-web/assets/c1/locale-en.DfsC7CyG.js","resource:link|attribute:href"
"script","barkandframe.com","OnePage.BhRvAM7X.js","https://barkandframe.com/cdn/shopifycloud/checkout-web/assets/c1/OnePage.BhRvAM7X.js","resource:link|attribute:href"
"script","barkandframe.com","hooks-useWalletsTimeout.BsQLtIW0.js","https://barkandframe.com/cdn/shopifycloud/checkout-web/assets/c1/hooks-useWalletsTimeout.BsQLtIW0.js","resource:link|attribute:href"
"script","barkandframe.com","MarketsProDisclaimer.BaDtCEIp.js","https://barkandframe.com/cdn/shopifycloud/checkout-web/assets/c1/MarketsProDisclaimer.BaDtCEIp.js","resource:link|attribute:href"
"script","barkandframe.com","remember-me-hooks.BOoiYBb4.js","https://barkandframe.com/cdn/shopifycloud/checkout-web/assets/c1/remember-me-hooks.BOoiYBb4.js","resource:link|attribute:href"
"script","barkandframe.com","color-contrast-colorContrast.DTKas0vP.js","https://barkandframe.com/cdn/shopifycloud/checkout-web/assets/c1/color-contrast-colorContrast.DTKas0vP.js","resource:link|attribute:href"
"script","barkandframe.com","hooks-useHasOrdersFromMultipleShops.x4wRTLzw.js","https://barkandframe.com/cdn/shopifycloud/checkout-web/assets/c1/hooks-useHasOrdersFromMultipleShops.x4wRTLzw.js","resource:link|attribute:href"
"script","barkandframe.com","OffsitePaymentFailed.CFmhwgRx.js","https://barkandframe.com/cdn/shopifycloud/checkout-web/assets/c1/OffsitePaymentFailed.CFmhwgRx.js","resource:link|attribute:href"
"script","barkandframe.com","NoAddressLocationFullDetour.CbNNl9zT.js","https://barkandframe.com/cdn/shopifycloud/checkout-web/assets/c1/NoAddressLocationFullDetour.CbNNl9zT.js","resource:link|attribute:href"
"script","barkandframe.com","components-DeliveryTransition.CnJAbsoa.js","https://barkandframe.com/cdn/shopifycloud/checkout-web/assets/c1/components-DeliveryTransition.CnJAbsoa.js","resource:link|attribute:href"
"script","barkandframe.com","hooks-useGeneralPaymentErrorMessage.CcmDjcGX.js","https://barkandframe.com/cdn/shopifycloud/checkout-web/assets/c1/hooks-useGeneralPaymentErrorMessage.CcmDjcGX.js","resource:link|attribute:href"
"script","barkandframe.com","ChangeCompanyLocationLink.BbmW3xNQ.js","https://barkandframe.com/cdn/shopifycloud/checkout-web/assets/c1/ChangeCompanyLocationLink.BbmW3xNQ.js","resource:link|attribute:href"
"script","barkandframe.com","hooks-useStableHostMethodsReferences.DgpVYCKM.js","https://barkandframe.com/cdn/shopifycloud/checkout-web/assets/c1/hooks-useStableHostMethodsReferences.DgpVYCKM.js","resource:link|attribute:href"
"script","barkandframe.com","hooks-useSandboxTelemetry.9k2aKdsg.js","https://barkandframe.com/cdn/shopifycloud/checkout-web/assets/c1/hooks-useSandboxTelemetry.9k2aKdsg.js","resource:link|attribute:href"
"script","barkandframe.com","BillingAddressForm.C8wPlQNS.js","https://barkandframe.com/cdn/shopifycloud/checkout-web/assets/c1/BillingAddressForm.C8wPlQNS.js","resource:link|attribute:href"
"script","barkandframe.com","PhoneField.CiFz68lK.js","https://barkandframe.com/cdn/shopifycloud/checkout-web/assets/c1/PhoneField.CiFz68lK.js","resource:link|attribute:href"
"script","barkandframe.com","hooks-useFormattedPhoneNumber.EcvIc1pY.js","https://barkandframe.com/cdn/shopifycloud/checkout-web/assets/c1/hooks-useFormattedPhoneNumber.EcvIc1pY.js","resource:link|attribute:href"
"script","barkandframe.com","EmptyState.DhUaU8rq.js","https://barkandframe.com/cdn/shopifycloud/checkout-web/assets/c1/EmptyState.DhUaU8rq.js","resource:link|attribute:href"
"script","barkandframe.com","Choice.CheJVlCw.js","https://barkandframe.com/cdn/shopifycloud/checkout-web/assets/c1/Choice.CheJVlCw.js","resource:link|attribute:href"
"script","barkandframe.com","Checkbox.BSKRQ0_3.js","https://barkandframe.com/cdn/shopifycloud/checkout-web/assets/c1/Checkbox.BSKRQ0_3.js","resource:link|attribute:href"
"script","barkandframe.com","hooks-usePostPurchase.BSw-VaPR.js","https://barkandframe.com/cdn/shopifycloud/checkout-web/assets/c1/hooks-usePostPurchase.BSw-VaPR.js","resource:link|attribute:href"
"script","barkandframe.com","Interaction-tracker.37Hs1ll3.js","https://barkandframe.com/cdn/shopifycloud/checkout-web/assets/c1/Interaction-tracker.37Hs1ll3.js","resource:link|attribute:href"
"script","barkandframe.com","hooks-useCanChangeCompanyLocation.BtBQkkp8.js","https://barkandframe.com/cdn/shopifycloud/checkout-web/assets/c1/hooks-useCanChangeCompanyLocation.BtBQkkp8.js","resource:link|attribute:href"
"script","barkandframe.com","hooks-useForceShopPayUrl.CJPs5Pj3.js","https://barkandframe.com/cdn/shopifycloud/checkout-web/assets/c1/hooks-useForceShopPayUrl.CJPs5Pj3.js","resource:link|attribute:href"
"script","barkandframe.com","ShopPayLogo.DUsRrUyO.js","https://barkandframe.com/cdn/shopifycloud/checkout-web/assets/c1/ShopPayLogo.DUsRrUyO.js","resource:link|attribute:href"
"script","barkandframe.com","AutocompleteField-hooks.Dv-nLgMx.js","https://barkandframe.com/cdn/shopifycloud/checkout-web/assets/c1/AutocompleteField-hooks.Dv-nLgMx.js","resource:link|attribute:href"
"script","barkandframe.com","PendingShipping.CtXohkTy.js","https://barkandframe.com/cdn/shopifycloud/checkout-web/assets/c1/PendingShipping.CtXohkTy.js","resource:link|attribute:href"
"script","barkandframe.com","ImpressionEventCapture.CRQOvejG.js","https://barkandframe.com/cdn/shopifycloud/checkout-web/assets/c1/ImpressionEventCapture.CRQOvejG.js","resource:link|attribute:href"
"script","barkandframe.com","StoreCreditRedemption-StoreCreditRedemptionErrorBanner.Cxe0gc2i.js","https://barkandframe.com/cdn/shopifycloud/checkout-web/assets/c1/StoreCreditRedemption-StoreCreditRedemptionErrorBanner.Cxe0gc2i.js","resource:link|attribute:href"
"script","barkandframe.com","PaymentIcon.JVvG8PSQ.js","https://barkandframe.com/cdn/shopifycloud/checkout-web/assets/c1/PaymentIcon.JVvG8PSQ.js","resource:link|attribute:href"
"script","barkandframe.com","shop-cash-context.O49JnspK.js","https://barkandframe.com/cdn/shopifycloud/checkout-web/assets/c1/shop-cash-context.O49JnspK.js","resource:link|attribute:href"
"script","barkandframe.com","PaymentLine.CcPLzK6f.js","https://barkandframe.com/cdn/shopifycloud/checkout-web/assets/c1/PaymentLine.CcPLzK6f.js","resource:link|attribute:href"
"script","barkandframe.com","hooks-useShopPayProgressIntercepts.CliDLEbI.js","https://barkandframe.com/cdn/shopifycloud/checkout-web/assets/c1/hooks-useShopPayProgressIntercepts.CliDLEbI.js","resource:link|attribute:href"
"script","barkandframe.com","billing-address-hooks.Ce_46PtA.js","https://barkandframe.com/cdn/shopifycloud/checkout-web/assets/c1/billing-address-hooks.Ce_46PtA.js","resource:link|attribute:href"
"script","barkandframe.com","hooks-useShowShopPayOptin.BN2fnBPh.js","https://barkandframe.com/cdn/shopifycloud/checkout-web/assets/c1/hooks-useShowShopPayOptin.BN2fnBPh.js","resource:link|attribute:href"
"script","barkandframe.com","hooks-useUpdateCheckoutAddress.CBzxizWC.js","https://barkandframe.com/cdn/shopifycloud/checkout-web/assets/c1/hooks-useUpdateCheckoutAddress.CBzxizWC.js","resource:link|attribute:href"
"script","barkandframe.com","Section.DsfZbhB1.js","https://barkandframe.com/cdn/shopifycloud/checkout-web/assets/c1/Section.DsfZbhB1.js","resource:link|attribute:href"
"script","barkandframe.com","useShopPaySessionTokenStorage.gD_i7pTT.js","https://barkandframe.com/cdn/shopifycloud/checkout-web/assets/c1/useShopPaySessionTokenStorage.gD_i7pTT.js","resource:link|attribute:href"
"script","barkandframe.com","hooks-useOnePageFormSubmit.S2Za1mN_.js","https://barkandframe.com/cdn/shopifycloud/checkout-web/assets/c1/hooks-useOnePageFormSubmit.S2Za1mN_.js","resource:link|attribute:href"
"script","barkandframe.com","PaymentButtons.ClBxSIgl.js","https://barkandframe.com/cdn/shopifycloud/checkout-web/assets/c1/PaymentButtons.ClBxSIgl.js","resource:link|attribute:href"
"script","barkandframe.com","utilities-shop-pay-alternative-payment-flow.ZfCBwQcf.js","https://barkandframe.com/cdn/shopifycloud/checkout-web/assets/c1/utilities-shop-pay-alternative-payment-flow.ZfCBwQcf.js","resource:link|attribute:href"
"script","barkandframe.com","shop-cash-monorail.BDv_jgPz.js","https://barkandframe.com/cdn/shopifycloud/checkout-web/assets/c1/shop-cash-monorail.BDv_jgPz.js","resource:link|attribute:href"
"script","barkandframe.com","hooks-useAvailableShopPromotionDiscount.B8cms2GW.js","https://barkandframe.com/cdn/shopifycloud/checkout-web/assets/c1/hooks-useAvailableShopPromotionDiscount.B8cms2GW.js","resource:link|attribute:href"
"script","barkandframe.com","BillingAddressSelector.BP8krj6C.js","https://barkandframe.com/cdn/shopifycloud/checkout-web/assets/c1/BillingAddressSelector.BP8krj6C.js","resource:link|attribute:href"
"script","barkandframe.com","PaymentErrorBanner.B7JKQ70I.js","https://barkandframe.com/cdn/shopifycloud/checkout-web/assets/c1/PaymentErrorBanner.B7JKQ70I.js","resource:link|attribute:href"
"script","barkandframe.com","Switch.DYeTbHzJ.js","https://barkandframe.com/cdn/shopifycloud/checkout-web/assets/c1/Switch.DYeTbHzJ.js","resource:link|attribute:href"
"script","barkandframe.com","shipping-rates-progressiveShippingRatesLoading.YcO_om0B.js","https://barkandframe.com/cdn/shopifycloud/checkout-web/assets/c1/shipping-rates-progressiveShippingRatesLoading.YcO_om0B.js","resource:link|attribute:href"
"script","barkandframe.com","ShipmentBreakdown.DRwKFENh.js","https://barkandframe.com/cdn/shopifycloud/checkout-web/assets/c1/ShipmentBreakdown.DRwKFENh.js","resource:link|attribute:href"
"script","barkandframe.com","MerchandiseModal.Drsfb8sN.js","https://barkandframe.com/cdn/shopifycloud/checkout-web/assets/c1/MerchandiseModal.Drsfb8sN.js","resource:link|attribute:href"
"script","barkandframe.com","extension-targets-shipping-options.BI2G3W_a.js","https://barkandframe.com/cdn/shopifycloud/checkout-web/assets/c1/extension-targets-shipping-options.BI2G3W_a.js","resource:link|attribute:href"
"script","barkandframe.com","EstimatedDeliveryContent.BV-wGR5x.js","https://barkandframe.com/cdn/shopifycloud/checkout-web/assets/c1/EstimatedDeliveryContent.BV-wGR5x.js","resource:link|attribute:href"
"script","barkandframe.com","ShippingMethodRateLabel.AcY6pFup.js","https://barkandframe.com/cdn/shopifycloud/checkout-web/assets/c1/ShippingMethodRateLabel.AcY6pFup.js","resource:link|attribute:href"
"script","barkandframe.com","ShippingMethodSelector.O-zGhDkm.js","https://barkandframe.com/cdn/shopifycloud/checkout-web/assets/c1/ShippingMethodSelector.O-zGhDkm.js","resource:link|attribute:href"
"script","barkandframe.com","TextArea.BjH3rdj4.js","https://barkandframe.com/cdn/shopifycloud/checkout-web/assets/c1/TextArea.BjH3rdj4.js","resource:link|attribute:href"
"script","barkandframe.com","SubscriptionPriceBreakdown.DB1x0ZBq.js","https://barkandframe.com/cdn/shopifycloud/checkout-web/assets/c1/SubscriptionPriceBreakdown.DB1x0ZBq.js","resource:link|attribute:href"
"script","barkandframe.com","hooks-usePaypalRowEffects.CaJLXiEg.js","https://barkandframe.com/cdn/shopifycloud/checkout-web/assets/c1/hooks-usePaypalRowEffects.CaJLXiEg.js","resource:link|attribute:href"
"script","barkandframe.com","Middot.DV7rRQKt.js","https://barkandframe.com/cdn/shopifycloud/checkout-web/assets/c1/Middot.DV7rRQKt.js","resource:link|attribute:href"
"script","barkandframe.com","StockProblems-StockProblemsLineItemList.BHwypIMZ.js","https://barkandframe.com/cdn/shopifycloud/checkout-web/assets/c1/StockProblems-StockProblemsLineItemList.BHwypIMZ.js","resource:link|attribute:href"
"script","barkandframe.com","utilities-publishMessage.kAbxUgWq.js","https://barkandframe.com/cdn/shopifycloud/checkout-web/assets/c1/utilities-publishMessage.kAbxUgWq.js","resource:link|attribute:href"
"stylesheet","barkandframe.com","app.DzgRLp2z.css","https://barkandframe.com/cdn/shopifycloud/checkout-web/assets/c1/assets/app.DzgRLp2z.css","resource:link|attribute:href"
"stylesheet","barkandframe.com","useShopPayExternalAppContext.PQOzdEj1.css","https://barkandframe.com/cdn/shopifycloud/checkout-web/assets/c1/assets/useShopPayExternalAppContext.PQOzdEj1.css","resource:link|attribute:href"
"stylesheet","barkandframe.com","getNormalizedPaymentMethodName.DWyYIMpE.css","https://barkandframe.com/cdn/shopifycloud/checkout-web/assets/c1/assets/getNormalizedPaymentMethodName.DWyYIMpE.css","resource:link|attribute:href"
"stylesheet","barkandframe.com","OnePage.RWWzwUS2.css","https://barkandframe.com/cdn/shopifycloud/checkout-web/assets/c1/assets/OnePage.RWWzwUS2.css","resource:link|attribute:href"
"stylesheet","barkandframe.com","DeliveryTransition.BbEi6fhy.css","https://barkandframe.com/cdn/shopifycloud/checkout-web/assets/c1/assets/DeliveryTransition.BbEi6fhy.css","resource:link|attribute:href"
"stylesheet","barkandframe.com","StoreCreditRedemptionErrorBanner.DlkKDmBG.css","https://barkandframe.com/cdn/shopifycloud/checkout-web/assets/c1/assets/StoreCreditRedemptionErrorBanner.DlkKDmBG.css","resource:link|attribute:href"
"stylesheet","barkandframe.com","useShopPaySessionTokenStorage.CqVkJv9Z.css","https://barkandframe.com/cdn/shopifycloud/checkout-web/assets/c1/assets/useShopPaySessionTokenStorage.CqVkJv9Z.css","resource:link|attribute:href"
"stylesheet","barkandframe.com","useOnePageFormSubmit.RkI_m_c8.css","https://barkandframe.com/cdn/shopifycloud/checkout-web/assets/c1/assets/useOnePageFormSubmit.RkI_m_c8.css","resource:link|attribute:href"
"stylesheet","barkandframe.com","useGeneralPaymentErrorMessage.BrcQzLuH.css","https://barkandframe.com/cdn/shopifycloud/checkout-web/assets/c1/assets/useGeneralPaymentErrorMessage.BrcQzLuH.css","resource:link|attribute:href"
"stylesheet","barkandframe.com","useShopPayProgressIntercepts.CIy8uDiZ.css","https://barkandframe.com/cdn/shopifycloud/checkout-web/assets/c1/assets/useShopPayProgressIntercepts.CIy8uDiZ.css","resource:link|attribute:href"
"stylesheet","barkandframe.com","Choice.HiYlaz_E.css","https://barkandframe.com/cdn/shopifycloud/checkout-web/assets/c1/assets/Choice.HiYlaz_E.css","resource:link|attribute:href"
"stylesheet","barkandframe.com","EmptyState.BEvzDDvy.css","https://barkandframe.com/cdn/shopifycloud/checkout-web/assets/c1/assets/EmptyState.BEvzDDvy.css","resource:link|attribute:href"
"stylesheet","barkandframe.com","ChangeCompanyLocationLink.uqpm88mq.css","https://barkandframe.com/cdn/shopifycloud/checkout-web/assets/c1/assets/ChangeCompanyLocationLink.uqpm88mq.css","resource:link|attribute:href"
"stylesheet","barkandframe.com","Section.CU18S7Ap.css","https://barkandframe.com/cdn/shopifycloud/checkout-web/assets/c1/assets/Section.CU18S7Ap.css","resource:link|attribute:href"
"stylesheet","barkandframe.com","PaymentLine.7870thps.css","https://barkandframe.com/cdn/shopifycloud/checkout-web/assets/c1/assets/PaymentLine.7870thps.css","resource:link|attribute:href"
"stylesheet","barkandframe.com","Switch.Dq_6Ius6.css","https://barkandframe.com/cdn/shopifycloud/checkout-web/assets/c1/assets/Switch.Dq_6Ius6.css","resource:link|attribute:href"
"stylesheet","barkandframe.com","PaymentIcon.CLVwzp6i.css","https://barkandframe.com/cdn/shopifycloud/checkout-web/assets/c1/assets/PaymentIcon.CLVwzp6i.css","resource:link|attribute:href"
"stylesheet","barkandframe.com","progressiveShippingRatesLoading.LcqrKXE1.css","https://barkandframe.com/cdn/shopifycloud/checkout-web/assets/c1/assets/progressiveShippingRatesLoading.LcqrKXE1.css","resource:link|attribute:href"
"stylesheet","barkandframe.com","BillingAddressForm.BdwN7V1K.css","https://barkandframe.com/cdn/shopifycloud/checkout-web/assets/c1/assets/BillingAddressForm.BdwN7V1K.css","resource:link|attribute:href"
"stylesheet","barkandframe.com","PhoneField.DN6CUyst.css","https://barkandframe.com/cdn/shopifycloud/checkout-web/assets/c1/assets/PhoneField.DN6CUyst.css","resource:link|attribute:href"
"stylesheet","barkandframe.com","Middot.D7Ujmshx.css","https://barkandframe.com/cdn/shopifycloud/checkout-web/assets/c1/assets/Middot.D7Ujmshx.css","resource:link|attribute:href"
"stylesheet","barkandframe.com","MerchandiseModal.D6OuIVjc.css","https://barkandframe.com/cdn/shopifycloud/checkout-web/assets/c1/assets/MerchandiseModal.D6OuIVjc.css","resource:link|attribute:href"
"stylesheet","barkandframe.com","EstimatedDeliveryContent.CGkrPwWj.css","https://barkandframe.com/cdn/shopifycloud/checkout-web/assets/c1/assets/EstimatedDeliveryContent.CGkrPwWj.css","resource:link|attribute:href"
"stylesheet","barkandframe.com","PaymentButtons.CuS5ve3d.css","https://barkandframe.com/cdn/shopifycloud/checkout-web/assets/c1/assets/PaymentButtons.CuS5ve3d.css","resource:link|attribute:href"
"stylesheet","barkandframe.com","usePostPurchase.uv-X4L1-.css","https://barkandframe.com/cdn/shopifycloud/checkout-web/assets/c1/assets/usePostPurchase.uv-X4L1-.css","resource:link|attribute:href"
"script","barkandframe.com","Gsap.min.js","https://barkandframe.com/cdn/shop/t/3/assets/Gsap.min.js?v=149772975000177911411760425079","resource:script|attribute:src"
"script","barkandframe.com","popover-polyfill.js","https://barkandframe.com/cdn/shop/t/3/assets/popover-polyfill.js?v=119029313658895111201759140591","resource:script|attribute:src"
"script","barkandframe.com","ScrollTrigger.min.js","https://barkandframe.com/cdn/shop/t/3/assets/ScrollTrigger.min.js?v=82811970547231565411760425079","resource:script|attribute:src"
"script","barkandframe.com","quick-add.js","https://barkandframe.com/cdn/shop/t/3/assets/quick-add.js?v=74531385036627369001759140591","resource:script|attribute:src"
"script","unpkg.com","lenis.min.js","https://unpkg.com/@studio-freight/lenis@1.0.42/dist/lenis.min.js","resource:script|attribute:src"
"script","barkandframe.com","main.js","https://barkandframe.com/cdn/shop/t/3/assets/main.js?v=68129832388830522951784716918&baf_cache=overscroll-20260616","resource:script|attribute:src"
"script","barkandframe.com","variant-picker.js","https://barkandframe.com/cdn/shop/t/3/assets/variant-picker.js?v=113536721324242252251759140591","resource:script|attribute:src"
"script","barkandframe.com","product-card.js","https://barkandframe.com/cdn/shop/t/3/assets/product-card.js?v=111799812809417996681780926211","resource:script|attribute:src"
"script","barkandframe.com","product-form.js","https://barkandframe.com/cdn/shop/t/3/assets/product-form.js?v=151624665961695696821782937358","resource:script|attribute:src"
"script","barkandframe.com","media.js","https://barkandframe.com/cdn/shop/t/3/assets/media.js?v=37825095869491791421759140591","resource:script|attribute:src"
"script","barkandframe.com","product-price.js","https://barkandframe.com/cdn/shop/t/3/assets/product-price.js?v=30079423257668675401759140591","resource:script|attribute:src"
"script","barkandframe.com","product-title-truncation.js","https://barkandframe.com/cdn/shop/t/3/assets/product-title-truncation.js?v=81744426891537421781759140591","resource:script|attribute:src"
"script","barkandframe.com","product-inventory.js","https://barkandframe.com/cdn/shop/t/3/assets/product-inventory.js?v=16343734458933704981759140591","resource:script|attribute:src"
"script","barkandframe.com","show-more.js","https://barkandframe.com/cdn/shop/t/3/assets/show-more.js?v=94563802205717136101759140591","resource:script|attribute:src"
"script","barkandframe.com","slideshow.js","https://barkandframe.com/cdn/shop/t/3/assets/slideshow.js?v=154298585357658260101779951492","resource:script|attribute:src"
"script","barkandframe.com","anchored-popover.js","https://barkandframe.com/cdn/shop/t/3/assets/anchored-popover.js?v=95953304814728754461759140591","resource:script|attribute:src"
"script","barkandframe.com","floating-panel.js","https://barkandframe.com/cdn/shop/t/3/assets/floating-panel.js?v=128677600744947036551759140591","resource:script|attribute:src"
"script","barkandframe.com","video-background.js","https://barkandframe.com/cdn/shop/t/3/assets/video-background.js?v=25237992823806706551759140591","resource:script|attribute:src"
"script","barkandframe.com","component-quantity-selector.js","https://barkandframe.com/cdn/shop/t/3/assets/component-quantity-selector.js?v=90573880238649540611779970046","resource:script|attribute:src"
"script","barkandframe.com","media-gallery.js","https://barkandframe.com/cdn/shop/t/3/assets/media-gallery.js?v=21058857098249663451779960332","resource:script|attribute:src"
"script","barkandframe.com","rte-formatter.js","https://barkandframe.com/cdn/shop/t/3/assets/rte-formatter.js?v=101420294193111439321759140591","resource:script|attribute:src"
"script","barkandframe.com","gift-card-recipient-form.js","https://barkandframe.com/cdn/shop/t/3/assets/gift-card-recipient-form.js?v=129634859299628245901759140591","resource:script|attribute:src"
"script","barkandframe.com","product-card-link.js","https://barkandframe.com/cdn/shop/t/3/assets/product-card-link.js?v=97122579314620396511759140591","resource:script|attribute:src"
"other","report.clarity.ms","sln","https://report.clarity.ms/sln","resource:xmlhttprequest"
