Product,Handle,Type,Shopify color,Shopify size,Printful color,Printful size,Printful variant ID,Shopify product ID,Shopify variant ID
Bloom | Crewneck,bloom-crewneck,Crewneck,Black,2XL,Black,2XL,11258,10865188995418,54206717985114
Bloom | Crewneck,bloom-crewneck,Crewneck,Black,L,Black,L,11256,10865188995418,54206717919578
Bloom | Crewneck,bloom-crewneck,Crewneck,Black,M,Black,M,11255,10865188995418,54206717886810
Bloom | Crewneck,bloom-crewneck,Crewneck,Black,S,Black,S,11254,10865188995418,54206717854042
Bloom | Crewneck,bloom-crewneck,Crewneck,Black,XL,Black,XL,11257,10865188995418,54206717952346
Bloom | Crewneck,bloom-crewneck,Crewneck,Heather Grey,2XL,Carbon Grey,2XL,11248,10865188995418,54206718181722
Bloom | Crewneck,bloom-crewneck,Crewneck,Heather Grey,L,Carbon Grey,L,11246,10865188995418,54206718116186
Bloom | Crewneck,bloom-crewneck,Crewneck,Heather Grey,M,Carbon Grey,M,11245,10865188995418,54206718083418
Bloom | Crewneck,bloom-crewneck,Crewneck,Heather Grey,S,Carbon Grey,S,11244,10865188995418,54206718050650
Bloom | Crewneck,bloom-crewneck,Crewneck,Heather Grey,XL,Carbon Grey,XL,11247,10865188995418,54206718148954
Bloom | T-Shirt,bloom-t-shirt,T-Shirt,Black,2XL,Black,2XL,21024,10865189028186,54206718378330
Bloom | T-Shirt,bloom-t-shirt,T-Shirt,Black,L,Black,L,21012,10865189028186,54206718312794
Bloom | T-Shirt,bloom-t-shirt,T-Shirt,Black,M,Black,M,21006,10865189028186,54206718280026
Bloom | T-Shirt,bloom-t-shirt,T-Shirt,Black,S,Black,S,21000,10865189028186,54206718247258
Bloom | T-Shirt,bloom-t-shirt,T-Shirt,Black,XL,Black,XL,21018,10865189028186,54206718345562
Bloom | T-Shirt,bloom-t-shirt,T-Shirt,Heather Grey,2XL,Heather Grey,2XL,21026,10865189028186,54206718542170
Bloom | T-Shirt,bloom-t-shirt,T-Shirt,Heather Grey,L,Heather Grey,L,21014,10865189028186,54206718476634
Bloom | T-Shirt,bloom-t-shirt,T-Shirt,Heather Grey,M,Heather Grey,M,21008,10865189028186,54206718443866
Bloom | T-Shirt,bloom-t-shirt,T-Shirt,Heather Grey,S,Heather Grey,S,21002,10865189028186,54206718411098
Bloom | T-Shirt,bloom-t-shirt,T-Shirt,Heather Grey,XL,Heather Grey,XL,21020,10865189028186,54206718509402
Bloom | T-Shirt,bloom-t-shirt,T-Shirt,Pure White,2XL,White,2XL,21029,10865189028186,54206718706010
Bloom | T-Shirt,bloom-t-shirt,T-Shirt,Pure White,L,White,L,21017,10865189028186,54206718640474
Bloom | T-Shirt,bloom-t-shirt,T-Shirt,Pure White,M,White,M,21011,10865189028186,54206718607706
Bloom | T-Shirt,bloom-t-shirt,T-Shirt,Pure White,S,White,S,21005,10865189028186,54206718574938
Bloom | T-Shirt,bloom-t-shirt,T-Shirt,Pure White,XL,White,XL,21023,10865189028186,54206718673242
Chill Vibes | Crewneck,chill-vibes-crewneck,Crewneck,Black,2XL,Black,2XL,11258,10865189060954,54206718869850
Chill Vibes | Crewneck,chill-vibes-crewneck,Crewneck,Black,L,Black,L,11256,10865189060954,54206718804314
Chill Vibes | Crewneck,chill-vibes-crewneck,Crewneck,Black,M,Black,M,11255,10865189060954,54206718771546
Chill Vibes | Crewneck,chill-vibes-crewneck,Crewneck,Black,S,Black,S,11254,10865189060954,54206718738778
Chill Vibes | Crewneck,chill-vibes-crewneck,Crewneck,Black,XL,Black,XL,11257,10865189060954,54206718837082
Chill Vibes | Crewneck,chill-vibes-crewneck,Crewneck,Heather Grey,2XL,Carbon Grey,2XL,11248,10865189060954,54206719066458
Chill Vibes | Crewneck,chill-vibes-crewneck,Crewneck,Heather Grey,L,Carbon Grey,L,11246,10865189060954,54206719000922
Chill Vibes | Crewneck,chill-vibes-crewneck,Crewneck,Heather Grey,M,Carbon Grey,M,11245,10865189060954,54206718968154
Chill Vibes | Crewneck,chill-vibes-crewneck,Crewneck,Heather Grey,S,Carbon Grey,S,11244,10865189060954,54206718935386
Chill Vibes | Crewneck,chill-vibes-crewneck,Crewneck,Heather Grey,XL,Carbon Grey,XL,11247,10865189060954,54206719033690
Chill Vibes | T-Shirt,chill-vibes-t-shirt,T-Shirt,Black,2XL,Black,2XL,21024,10865189093722,54206719263066
Chill Vibes | T-Shirt,chill-vibes-t-shirt,T-Shirt,Black,L,Black,L,21012,10865189093722,54206719197530
Chill Vibes | T-Shirt,chill-vibes-t-shirt,T-Shirt,Black,M,Black,M,21006,10865189093722,54206719164762
Chill Vibes | T-Shirt,chill-vibes-t-shirt,T-Shirt,Black,S,Black,S,21000,10865189093722,54206719131994
Chill Vibes | T-Shirt,chill-vibes-t-shirt,T-Shirt,Black,XL,Black,XL,21018,10865189093722,54206719230298
Chill Vibes | T-Shirt,chill-vibes-t-shirt,T-Shirt,Heather Grey,2XL,Heather Grey,2XL,21026,10865189093722,54206719426906
Chill Vibes | T-Shirt,chill-vibes-t-shirt,T-Shirt,Heather Grey,L,Heather Grey,L,21014,10865189093722,54206719361370
Chill Vibes | T-Shirt,chill-vibes-t-shirt,T-Shirt,Heather Grey,M,Heather Grey,M,21008,10865189093722,54206719328602
Chill Vibes | T-Shirt,chill-vibes-t-shirt,T-Shirt,Heather Grey,S,Heather Grey,S,21002,10865189093722,54206719295834
Chill Vibes | T-Shirt,chill-vibes-t-shirt,T-Shirt,Heather Grey,XL,Heather Grey,XL,21020,10865189093722,54206719394138
Chill Vibes | T-Shirt,chill-vibes-t-shirt,T-Shirt,Pure White,2XL,White,2XL,21029,10865189093722,54206719590746
Chill Vibes | T-Shirt,chill-vibes-t-shirt,T-Shirt,Pure White,L,White,L,21017,10865189093722,54206719525210
Chill Vibes | T-Shirt,chill-vibes-t-shirt,T-Shirt,Pure White,M,White,M,21011,10865189093722,54206719492442
Chill Vibes | T-Shirt,chill-vibes-t-shirt,T-Shirt,Pure White,S,White,S,21005,10865189093722,54206719459674
Chill Vibes | T-Shirt,chill-vibes-t-shirt,T-Shirt,Pure White,XL,White,XL,21023,10865189093722,54206719557978
Doggery Squad | Crewneck,doggery-squad-crewneck,Crewneck,Black,2XL,Black,2XL,11258,10865189126490,54206719885658
Doggery Squad | Crewneck,doggery-squad-crewneck,Crewneck,Black,L,Black,L,11256,10865189126490,54206719820122
Doggery Squad | Crewneck,doggery-squad-crewneck,Crewneck,Black,M,Black,M,11255,10865189126490,54206719787354
Doggery Squad | Crewneck,doggery-squad-crewneck,Crewneck,Black,S,Black,S,11254,10865189126490,54206719754586
Doggery Squad | Crewneck,doggery-squad-crewneck,Crewneck,Black,XL,Black,XL,11257,10865189126490,54206719852890
Doggery Squad | Crewneck,doggery-squad-crewneck,Crewneck,Heather Grey,2XL,Carbon Grey,2XL,11248,10865189126490,54206720082266
Doggery Squad | Crewneck,doggery-squad-crewneck,Crewneck,Heather Grey,L,Carbon Grey,L,11246,10865189126490,54206720016730
Doggery Squad | Crewneck,doggery-squad-crewneck,Crewneck,Heather Grey,M,Carbon Grey,M,11245,10865189126490,54206719983962
Doggery Squad | Crewneck,doggery-squad-crewneck,Crewneck,Heather Grey,S,Carbon Grey,S,11244,10865189126490,54206719951194
Doggery Squad | Crewneck,doggery-squad-crewneck,Crewneck,Heather Grey,XL,Carbon Grey,XL,11247,10865189126490,54206720049498
Doggery Squad | T-Shirt,doggery-squad-t-shirt,T-Shirt,Black,2XL,Black,2XL,21024,10865189159258,54206720311642
Doggery Squad | T-Shirt,doggery-squad-t-shirt,T-Shirt,Black,L,Black,L,21012,10865189159258,54206720246106
Doggery Squad | T-Shirt,doggery-squad-t-shirt,T-Shirt,Black,M,Black,M,21006,10865189159258,54206720213338
Doggery Squad | T-Shirt,doggery-squad-t-shirt,T-Shirt,Black,S,Black,S,21000,10865189159258,54206720180570
Doggery Squad | T-Shirt,doggery-squad-t-shirt,T-Shirt,Black,XL,Black,XL,21018,10865189159258,54206720278874
Doggery Squad | T-Shirt,doggery-squad-t-shirt,T-Shirt,Heather Grey,2XL,Heather Grey,2XL,21026,10865189159258,54206720475482
Doggery Squad | T-Shirt,doggery-squad-t-shirt,T-Shirt,Heather Grey,L,Heather Grey,L,21014,10865189159258,54206720409946
Doggery Squad | T-Shirt,doggery-squad-t-shirt,T-Shirt,Heather Grey,M,Heather Grey,M,21008,10865189159258,54206720377178
Doggery Squad | T-Shirt,doggery-squad-t-shirt,T-Shirt,Heather Grey,S,Heather Grey,S,21002,10865189159258,54206720344410
Doggery Squad | T-Shirt,doggery-squad-t-shirt,T-Shirt,Heather Grey,XL,Heather Grey,XL,21020,10865189159258,54206720442714
Doggery Squad | T-Shirt,doggery-squad-t-shirt,T-Shirt,Pure White,2XL,White,2XL,21029,10865189159258,54206720639322
Doggery Squad | T-Shirt,doggery-squad-t-shirt,T-Shirt,Pure White,L,White,L,21017,10865189159258,54206720573786
Doggery Squad | T-Shirt,doggery-squad-t-shirt,T-Shirt,Pure White,M,White,M,21011,10865189159258,54206720541018
Doggery Squad | T-Shirt,doggery-squad-t-shirt,T-Shirt,Pure White,S,White,S,21005,10865189159258,54206720508250
Doggery Squad | T-Shirt,doggery-squad-t-shirt,T-Shirt,Pure White,XL,White,XL,21023,10865189159258,54206720606554
Give Love | Cap,give-love-cap,Cap,Black,One size,Black,One size,12689,10865189192026,54206720672090
Give Love | Cap,give-love-cap,Cap,Oyster,One size,Oyster,One size,12692,10865189192026,54206720704858
Love is Everywhere | Crewneck,love-is-everywhere-crewneck,Crewneck,Black,2XL,Black,2XL,11258,10865189224794,54206720999770
Love is Everywhere | Crewneck,love-is-everywhere-crewneck,Crewneck,Black,L,Black,L,11256,10865189224794,54206720934234
Love is Everywhere | Crewneck,love-is-everywhere-crewneck,Crewneck,Black,M,Black,M,11255,10865189224794,54206720901466
Love is Everywhere | Crewneck,love-is-everywhere-crewneck,Crewneck,Black,S,Black,S,11254,10865189224794,54206720868698
Love is Everywhere | Crewneck,love-is-everywhere-crewneck,Crewneck,Black,XL,Black,XL,11257,10865189224794,54206720967002
Love is Everywhere | Crewneck,love-is-everywhere-crewneck,Crewneck,Heather Grey,2XL,Carbon Grey,2XL,11248,10865189224794,54206721196378
Love is Everywhere | Crewneck,love-is-everywhere-crewneck,Crewneck,Heather Grey,L,Carbon Grey,L,11246,10865189224794,54206721130842
Love is Everywhere | Crewneck,love-is-everywhere-crewneck,Crewneck,Heather Grey,M,Carbon Grey,M,11245,10865189224794,54206721098074
Love is Everywhere | Crewneck,love-is-everywhere-crewneck,Crewneck,Heather Grey,S,Carbon Grey,S,11244,10865189224794,54206721065306
Love is Everywhere | Crewneck,love-is-everywhere-crewneck,Crewneck,Heather Grey,XL,Carbon Grey,XL,11247,10865189224794,54206721163610
Love is Everywhere | T-Shirt,love-is-everywhere-t-shirt,T-Shirt,Black,2XL,Black,2XL,21024,10865189257562,54206721392986
Love is Everywhere | T-Shirt,love-is-everywhere-t-shirt,T-Shirt,Black,L,Black,L,21012,10865189257562,54206721327450
Love is Everywhere | T-Shirt,love-is-everywhere-t-shirt,T-Shirt,Black,M,Black,M,21006,10865189257562,54206721294682
Love is Everywhere | T-Shirt,love-is-everywhere-t-shirt,T-Shirt,Black,S,Black,S,21000,10865189257562,54206721261914
Love is Everywhere | T-Shirt,love-is-everywhere-t-shirt,T-Shirt,Black,XL,Black,XL,21018,10865189257562,54206721360218
Love is Everywhere | T-Shirt,love-is-everywhere-t-shirt,T-Shirt,Heather Grey,2XL,Heather Grey,2XL,21026,10865189257562,54206721556826
Love is Everywhere | T-Shirt,love-is-everywhere-t-shirt,T-Shirt,Heather Grey,L,Heather Grey,L,21014,10865189257562,54206721491290
Love is Everywhere | T-Shirt,love-is-everywhere-t-shirt,T-Shirt,Heather Grey,M,Heather Grey,M,21008,10865189257562,54206721458522
Love is Everywhere | T-Shirt,love-is-everywhere-t-shirt,T-Shirt,Heather Grey,S,Heather Grey,S,21002,10865189257562,54206721425754
Love is Everywhere | T-Shirt,love-is-everywhere-t-shirt,T-Shirt,Heather Grey,XL,Heather Grey,XL,21020,10865189257562,54206721524058
Love is Everywhere | T-Shirt,love-is-everywhere-t-shirt,T-Shirt,Pure White,2XL,White,2XL,21029,10865189257562,54206721720666
Love is Everywhere | T-Shirt,love-is-everywhere-t-shirt,T-Shirt,Pure White,L,White,L,21017,10865189257562,54206721655130
Love is Everywhere | T-Shirt,love-is-everywhere-t-shirt,T-Shirt,Pure White,M,White,M,21011,10865189257562,54206721622362
Love is Everywhere | T-Shirt,love-is-everywhere-t-shirt,T-Shirt,Pure White,S,White,S,21005,10865189257562,54206721589594
Love is Everywhere | T-Shirt,love-is-everywhere-t-shirt,T-Shirt,Pure White,XL,White,XL,21023,10865189257562,54206721687898
More Dog is More Dog | Cap,more-dog-is-more-dog-cap,Cap,Black,One size,Black,One size,12689,10865189290330,54206721753434
More Dog is More Dog | Cap,more-dog-is-more-dog-cap,Cap,Oyster,One size,Oyster,One size,12692,10865189290330,54206721786202
No fart No love | Crewneck,no-fart-no-love-crewneck,Crewneck,Black,2XL,Black,2XL,11258,10865189618010,54206722048346
No fart No love | Crewneck,no-fart-no-love-crewneck,Crewneck,Black,L,Black,L,11256,10865189618010,54206721982810
No fart No love | Crewneck,no-fart-no-love-crewneck,Crewneck,Black,M,Black,M,11255,10865189618010,54206721950042
No fart No love | Crewneck,no-fart-no-love-crewneck,Crewneck,Black,S,Black,S,11254,10865189618010,54206721917274
No fart No love | Crewneck,no-fart-no-love-crewneck,Crewneck,Black,XL,Black,XL,11257,10865189618010,54206722015578
No fart No love | Crewneck,no-fart-no-love-crewneck,Crewneck,Heather Grey,2XL,Carbon Grey,2XL,11248,10865189618010,54206722244954
No fart No love | Crewneck,no-fart-no-love-crewneck,Crewneck,Heather Grey,L,Carbon Grey,L,11246,10865189618010,54206722179418
No fart No love | Crewneck,no-fart-no-love-crewneck,Crewneck,Heather Grey,M,Carbon Grey,M,11245,10865189618010,54206722146650
No fart No love | Crewneck,no-fart-no-love-crewneck,Crewneck,Heather Grey,S,Carbon Grey,S,11244,10865189618010,54206722113882
No fart No love | Crewneck,no-fart-no-love-crewneck,Crewneck,Heather Grey,XL,Carbon Grey,XL,11247,10865189618010,54206722212186
No fart No love | T-Shirt,no-fart-no-love-t-shirt,T-Shirt,Black,2XL,Black,2XL,21024,10865189650778,54206722441562
No fart No love | T-Shirt,no-fart-no-love-t-shirt,T-Shirt,Black,L,Black,L,21012,10865189650778,54206722376026
No fart No love | T-Shirt,no-fart-no-love-t-shirt,T-Shirt,Black,M,Black,M,21006,10865189650778,54206722343258
No fart No love | T-Shirt,no-fart-no-love-t-shirt,T-Shirt,Black,S,Black,S,21000,10865189650778,54206722310490
No fart No love | T-Shirt,no-fart-no-love-t-shirt,T-Shirt,Black,XL,Black,XL,21018,10865189650778,54206722408794
No fart No love | T-Shirt,no-fart-no-love-t-shirt,T-Shirt,Heather Grey,2XL,Heather Grey,2XL,21026,10865189650778,54206722605402
No fart No love | T-Shirt,no-fart-no-love-t-shirt,T-Shirt,Heather Grey,L,Heather Grey,L,21014,10865189650778,54206722539866
No fart No love | T-Shirt,no-fart-no-love-t-shirt,T-Shirt,Heather Grey,M,Heather Grey,M,21008,10865189650778,54206722507098
No fart No love | T-Shirt,no-fart-no-love-t-shirt,T-Shirt,Heather Grey,S,Heather Grey,S,21002,10865189650778,54206722474330
No fart No love | T-Shirt,no-fart-no-love-t-shirt,T-Shirt,Heather Grey,XL,Heather Grey,XL,21020,10865189650778,54206722572634
No fart No love | T-Shirt,no-fart-no-love-t-shirt,T-Shirt,Pure White,2XL,White,2XL,21029,10865189650778,54206722769242
No fart No love | T-Shirt,no-fart-no-love-t-shirt,T-Shirt,Pure White,L,White,L,21017,10865189650778,54206722703706
No fart No love | T-Shirt,no-fart-no-love-t-shirt,T-Shirt,Pure White,M,White,M,21011,10865189650778,54206722670938
No fart No love | T-Shirt,no-fart-no-love-t-shirt,T-Shirt,Pure White,S,White,S,21005,10865189650778,54206722638170
No fart No love | T-Shirt,no-fart-no-love-t-shirt,T-Shirt,Pure White,XL,White,XL,21023,10865189650778,54206722736474
Powered by Dogs | Cap,powered-by-dogs-cap,Cap,Black,One size,Black,One size,12689,10865189683546,54206722802010
Powered by Dogs | Cap,powered-by-dogs-cap,Cap,Oyster,One size,Oyster,One size,12692,10865189683546,54206722834778
Powered by Dogs | Crewneck,powered-by-dogs-crewneck,Crewneck,Black,2XL,Black,2XL,11258,10865189716314,54206723096922
Powered by Dogs | Crewneck,powered-by-dogs-crewneck,Crewneck,Black,L,Black,L,11256,10865189716314,54206723031386
Powered by Dogs | Crewneck,powered-by-dogs-crewneck,Crewneck,Black,M,Black,M,11255,10865189716314,54206722998618
Powered by Dogs | Crewneck,powered-by-dogs-crewneck,Crewneck,Black,S,Black,S,11254,10865189716314,54206722965850
Powered by Dogs | Crewneck,powered-by-dogs-crewneck,Crewneck,Black,XL,Black,XL,11257,10865189716314,54206723064154
Powered by Dogs | Crewneck,powered-by-dogs-crewneck,Crewneck,Heather Grey,2XL,Carbon Grey,2XL,11248,10865189716314,54206723293530
Powered by Dogs | Crewneck,powered-by-dogs-crewneck,Crewneck,Heather Grey,L,Carbon Grey,L,11246,10865189716314,54206723227994
Powered by Dogs | Crewneck,powered-by-dogs-crewneck,Crewneck,Heather Grey,M,Carbon Grey,M,11245,10865189716314,54206723195226
Powered by Dogs | Crewneck,powered-by-dogs-crewneck,Crewneck,Heather Grey,S,Carbon Grey,S,11244,10865189716314,54206723162458
Powered by Dogs | Crewneck,powered-by-dogs-crewneck,Crewneck,Heather Grey,XL,Carbon Grey,XL,11247,10865189716314,54206723260762
Powered by Dogs | T-Shirt,powered-by-dogs-t-shirt,T-Shirt,Black,2XL,Black,2XL,21024,10865189749082,54206723522906
Powered by Dogs | T-Shirt,powered-by-dogs-t-shirt,T-Shirt,Black,L,Black,L,21012,10865189749082,54206723457370
Powered by Dogs | T-Shirt,powered-by-dogs-t-shirt,T-Shirt,Black,M,Black,M,21006,10865189749082,54206723424602
Powered by Dogs | T-Shirt,powered-by-dogs-t-shirt,T-Shirt,Black,S,Black,S,21000,10865189749082,54206723391834
Powered by Dogs | T-Shirt,powered-by-dogs-t-shirt,T-Shirt,Black,XL,Black,XL,21018,10865189749082,54206723490138
Powered by Dogs | T-Shirt,powered-by-dogs-t-shirt,T-Shirt,Heather Grey,2XL,Heather Grey,2XL,21026,10865189749082,54206723686746
Powered by Dogs | T-Shirt,powered-by-dogs-t-shirt,T-Shirt,Heather Grey,L,Heather Grey,L,21014,10865189749082,54206723621210
Powered by Dogs | T-Shirt,powered-by-dogs-t-shirt,T-Shirt,Heather Grey,M,Heather Grey,M,21008,10865189749082,54206723588442
Powered by Dogs | T-Shirt,powered-by-dogs-t-shirt,T-Shirt,Heather Grey,S,Heather Grey,S,21002,10865189749082,54206723555674
Powered by Dogs | T-Shirt,powered-by-dogs-t-shirt,T-Shirt,Heather Grey,XL,Heather Grey,XL,21020,10865189749082,54206723653978
Powered by Dogs | T-Shirt,powered-by-dogs-t-shirt,T-Shirt,Pure White,2XL,White,2XL,21029,10865189749082,54206723850586
Powered by Dogs | T-Shirt,powered-by-dogs-t-shirt,T-Shirt,Pure White,L,White,L,21017,10865189749082,54206723785050
Powered by Dogs | T-Shirt,powered-by-dogs-t-shirt,T-Shirt,Pure White,M,White,M,21011,10865189749082,54206723752282
Powered by Dogs | T-Shirt,powered-by-dogs-t-shirt,T-Shirt,Pure White,S,White,S,21005,10865189749082,54206723719514
Powered by Dogs | T-Shirt,powered-by-dogs-t-shirt,T-Shirt,Pure White,XL,White,XL,21023,10865189749082,54206723817818
Sunday Ride | Crewneck,sunday-ride-crewneck,Crewneck,Black,2XL,Black,2XL,11258,10865189781850,54206724047194
Sunday Ride | Crewneck,sunday-ride-crewneck,Crewneck,Black,L,Black,L,11256,10865189781850,54206723981658
Sunday Ride | Crewneck,sunday-ride-crewneck,Crewneck,Black,M,Black,M,11255,10865189781850,54206723948890
Sunday Ride | Crewneck,sunday-ride-crewneck,Crewneck,Black,S,Black,S,11254,10865189781850,54206723916122
Sunday Ride | Crewneck,sunday-ride-crewneck,Crewneck,Black,XL,Black,XL,11257,10865189781850,54206724014426
Sunday Ride | Crewneck,sunday-ride-crewneck,Crewneck,Heather Grey,2XL,Carbon Grey,2XL,11248,10865189781850,54206724243802
Sunday Ride | Crewneck,sunday-ride-crewneck,Crewneck,Heather Grey,L,Carbon Grey,L,11246,10865189781850,54206724178266
Sunday Ride | Crewneck,sunday-ride-crewneck,Crewneck,Heather Grey,M,Carbon Grey,M,11245,10865189781850,54206724145498
Sunday Ride | Crewneck,sunday-ride-crewneck,Crewneck,Heather Grey,S,Carbon Grey,S,11244,10865189781850,54206724112730
Sunday Ride | Crewneck,sunday-ride-crewneck,Crewneck,Heather Grey,XL,Carbon Grey,XL,11247,10865189781850,54206724211034
Sunday Ride | T-Shirt,sunday-ride-t-shirt,T-Shirt,Black,2XL,Black,2XL,21024,10865189814618,54206725816666
Sunday Ride | T-Shirt,sunday-ride-t-shirt,T-Shirt,Black,L,Black,L,21012,10865189814618,54206725751130
Sunday Ride | T-Shirt,sunday-ride-t-shirt,T-Shirt,Black,M,Black,M,21006,10865189814618,54206725718362
Sunday Ride | T-Shirt,sunday-ride-t-shirt,T-Shirt,Black,S,Black,S,21000,10865189814618,54206725685594
Sunday Ride | T-Shirt,sunday-ride-t-shirt,T-Shirt,Black,XL,Black,XL,21018,10865189814618,54206725783898
Sunday Ride | T-Shirt,sunday-ride-t-shirt,T-Shirt,Heather Grey,2XL,Heather Grey,2XL,21026,10865189814618,54206725980506
Sunday Ride | T-Shirt,sunday-ride-t-shirt,T-Shirt,Heather Grey,L,Heather Grey,L,21014,10865189814618,54206725914970
Sunday Ride | T-Shirt,sunday-ride-t-shirt,T-Shirt,Heather Grey,M,Heather Grey,M,21008,10865189814618,54206725882202
Sunday Ride | T-Shirt,sunday-ride-t-shirt,T-Shirt,Heather Grey,S,Heather Grey,S,21002,10865189814618,54206725849434
Sunday Ride | T-Shirt,sunday-ride-t-shirt,T-Shirt,Heather Grey,XL,Heather Grey,XL,21020,10865189814618,54206725947738
Sunday Ride | T-Shirt,sunday-ride-t-shirt,T-Shirt,Pure White,2XL,White,2XL,21029,10865189814618,54206726144346
Sunday Ride | T-Shirt,sunday-ride-t-shirt,T-Shirt,Pure White,L,White,L,21017,10865189814618,54206726078810
Sunday Ride | T-Shirt,sunday-ride-t-shirt,T-Shirt,Pure White,M,White,M,21011,10865189814618,54206726046042
Sunday Ride | T-Shirt,sunday-ride-t-shirt,T-Shirt,Pure White,S,White,S,21005,10865189814618,54206726013274
Sunday Ride | T-Shirt,sunday-ride-t-shirt,T-Shirt,Pure White,XL,White,XL,21023,10865189814618,54206726111578
The Professor | Crewneck,the-professor-crewneck,Crewneck,Black,2XL,Black,2XL,11258,10865189880154,54206726439258
The Professor | Crewneck,the-professor-crewneck,Crewneck,Black,L,Black,L,11256,10865189880154,54206726373722
The Professor | Crewneck,the-professor-crewneck,Crewneck,Black,M,Black,M,11255,10865189880154,54206726340954
The Professor | Crewneck,the-professor-crewneck,Crewneck,Black,S,Black,S,11254,10865189880154,54206726308186
The Professor | Crewneck,the-professor-crewneck,Crewneck,Black,XL,Black,XL,11257,10865189880154,54206726406490
The Professor | Crewneck,the-professor-crewneck,Crewneck,Heather Grey,2XL,Carbon Grey,2XL,11248,10865189880154,54206726635866
The Professor | Crewneck,the-professor-crewneck,Crewneck,Heather Grey,L,Carbon Grey,L,11246,10865189880154,54206726570330
The Professor | Crewneck,the-professor-crewneck,Crewneck,Heather Grey,M,Carbon Grey,M,11245,10865189880154,54206726537562
The Professor | Crewneck,the-professor-crewneck,Crewneck,Heather Grey,S,Carbon Grey,S,11244,10865189880154,54206726504794
The Professor | Crewneck,the-professor-crewneck,Crewneck,Heather Grey,XL,Carbon Grey,XL,11247,10865189880154,54206726603098
The Professor | T-Shirt,the-professor-t-shirt,T-Shirt,Black,2XL,Black,2XL,21024,10865189912922,54206726832474
The Professor | T-Shirt,the-professor-t-shirt,T-Shirt,Black,L,Black,L,21012,10865189912922,54206726766938
The Professor | T-Shirt,the-professor-t-shirt,T-Shirt,Black,M,Black,M,21006,10865189912922,54206726734170
The Professor | T-Shirt,the-professor-t-shirt,T-Shirt,Black,S,Black,S,21000,10865189912922,54206726701402
The Professor | T-Shirt,the-professor-t-shirt,T-Shirt,Black,XL,Black,XL,21018,10865189912922,54206726799706
The Professor | T-Shirt,the-professor-t-shirt,T-Shirt,Heather Grey,2XL,Heather Grey,2XL,21026,10865189912922,54206726996314
The Professor | T-Shirt,the-professor-t-shirt,T-Shirt,Heather Grey,L,Heather Grey,L,21014,10865189912922,54206726930778
The Professor | T-Shirt,the-professor-t-shirt,T-Shirt,Heather Grey,M,Heather Grey,M,21008,10865189912922,54206726898010
The Professor | T-Shirt,the-professor-t-shirt,T-Shirt,Heather Grey,S,Heather Grey,S,21002,10865189912922,54206726865242
The Professor | T-Shirt,the-professor-t-shirt,T-Shirt,Heather Grey,XL,Heather Grey,XL,21020,10865189912922,54206726963546
The Professor | T-Shirt,the-professor-t-shirt,T-Shirt,Pure White,2XL,White,2XL,21029,10865189912922,54206727160154
The Professor | T-Shirt,the-professor-t-shirt,T-Shirt,Pure White,L,White,L,21017,10865189912922,54206727094618
The Professor | T-Shirt,the-professor-t-shirt,T-Shirt,Pure White,M,White,M,21011,10865189912922,54206727061850
The Professor | T-Shirt,the-professor-t-shirt,T-Shirt,Pure White,S,White,S,21005,10865189912922,54206727029082
The Professor | T-Shirt,the-professor-t-shirt,T-Shirt,Pure White,XL,White,XL,21023,10865189912922,54206727127386
You Can Pet the Dog | Cap,you-can-pet-the-dog-cap,Cap,Black,One size,Black,One size,12689,10865189945690,54206727225690
You Can Pet the Dog | Cap,you-can-pet-the-dog-cap,Cap,Oyster,One size,Oyster,One size,12692,10865189945690,54206727258458
